,Assessor Neighborhood,Closed Roll Year,Assessed Land Value,Pct Change
0,Alamo Square,2007.0,356275.88019966724,0
1,Alamo Square,2008.0,384701.68595041323,0
2,Alamo Square,2009.0,399153.25611745514,0
3,Alamo Square,2010.0,411813.4324324324,0
4,Alamo Square,2011.0,425384.557844691,0
5,Alamo Square,2012.0,446702.2627388535,0
6,Alamo Square,2013.0,464920.92846034217,0
7,Alamo Square,2014.0,480889.71927162365,0
8,Alamo Square,2015.0,511735.1915535445,0
9,Alamo Square,2016.0,541590.723880597,0
10,Anza Vista,2007.0,249759.90945674045,0
11,Anza Vista,2008.0,321615.8537074148,0
12,Anza Vista,2009.0,331171.11706349207,0
13,Anza Vista,2010.0,350678.7218934911,0
14,Anza Vista,2011.0,362450.2574257426,0
15,Anza Vista,2012.0,372775.98217821785,0
16,Anza Vista,2013.0,368467.1959334566,0
17,Anza Vista,2014.0,395748.78624535317,0
18,Anza Vista,2015.0,404192.18579234974,0
19,Anza Vista,2016.0,447036.3944954128,0
20,Balboa Terrace,2007.0,308412.9527027027,0
21,Balboa Terrace,2008.0,341652.47297297296,0
22,Balboa Terrace,2009.0,371521.1925675676,0
23,Balboa Terrace,2010.0,371658.375,0
24,Balboa Terrace,2011.0,393022.90202702704,0
25,Balboa Terrace,2012.0,401177.13513513515,0
26,Balboa Terrace,2013.0,402963.6452702703,0
27,Balboa Terrace,2014.0,438819.9391891892,0
28,Balboa Terrace,2015.0,474828.22297297296,0
29,Balboa Terrace,2016.0,507151.7804054054,0
30,Bayview,2007.0,181096.93469198703,0
31,Bayview,2008.0,192396.60304990757,0
32,Bayview,2009.0,210800.5011547344,0
33,Bayview,2010.0,214896.31655844155,0
34,Bayview,2011.0,224548.10035842293,0
35,Bayview,2012.0,221454.84,0
36,Bayview,2013.0,233151.55842745438,0
37,Bayview,2014.0,242111.96037245562,0
38,Bayview,2015.0,258376.03046672427,0
39,Bayview,2016.0,275866.27567567566,0
40,Bayview Heights,2007.0,128157.54028132993,0
41,Bayview Heights,2008.0,136129.1708253359,0
42,Bayview Heights,2009.0,137386.11011523686,0
43,Bayview Heights,2010.0,139407.96104725415,0
44,Bayview Heights,2011.0,140004.2285012285,0
45,Bayview Heights,2012.0,153046.9078057775,0
46,Bayview Heights,2013.0,158902.9828536436,0
47,Bayview Heights,2014.0,161086.6572654813,0
48,Bayview Heights,2015.0,170819.65358675658,0
49,Bayview Heights,2016.0,180043.92105263157,0
50,Bernal Heights,2007.0,186774.85204855842,0
51,Bernal Heights,2008.0,205277.04945262364,0
52,Bernal Heights,2009.0,217385.8119819141,0
53,Bernal Heights,2010.0,220154.29614376638,0
54,Bernal Heights,2011.0,228865.78281889178,0
55,Bernal Heights,2012.0,241607.19836248603,0
56,Bernal Heights,2013.0,252609.85926476048,0
57,Bernal Heights,2014.0,270243.4227913883,0
58,Bernal Heights,2015.0,292751.01989683125,0
59,Bernal Heights,2016.0,324871.4457079971,0
60,Buena Vista Park,2007.0,353209.28808864264,0
61,Buena Vista Park,2008.0,374901.2096551724,0
62,Buena Vista Park,2009.0,392689.32060027285,0
63,Buena Vista Park,2010.0,401270.0951742627,0
64,Buena Vista Park,2011.0,422857.4193548387,0
65,Buena Vista Park,2012.0,443629.3064516129,0
66,Buena Vista Park,2013.0,474521.2771084337,0
67,Buena Vista Park,2014.0,497350.7677165354,0
68,Buena Vista Park,2015.0,524772.2002617801,0
69,Buena Vista Park,2016.0,564796.0802069858,0
70,Central Richmond,2007.0,231047.90760869565,0
71,Central Richmond,2008.0,247029.23992285438,0
72,Central Richmond,2009.0,261077.27766059444,0
73,Central Richmond,2010.0,270760.8143459916,0
74,Central Richmond,2011.0,278255.26323838654,0
75,Central Richmond,2012.0,289221.39399732364,0
76,Central Richmond,2013.0,300168.7843137255,0
77,Central Richmond,2014.0,314233.55046569096,0
78,Central Richmond,2015.0,335989.0494224579,0
79,Central Richmond,2016.0,359061.41321219003,0
80,Central Sunset,2007.0,204738.03461668355,0
81,Central Sunset,2008.0,217938.45816464236,0
82,Central Sunset,2009.0,229350.29253077053,0
83,Central Sunset,2010.0,231694.2915122937,0
84,Central Sunset,2011.0,242241.7228773585,0
85,Central Sunset,2012.0,251350.20161697827,0
86,Central Sunset,2013.0,258710.61451667227,0
87,Central Sunset,2014.0,270496.48864209995,0
88,Central Sunset,2015.0,283688.2076136173,0
89,Central Sunset,2016.0,297200.17351215426,0
90,Clarendon Heights,2007.0,361970.7205882353,0
91,Clarendon Heights,2008.0,397805.38032786886,0
92,Clarendon Heights,2009.0,424246.61211129295,0
93,Clarendon Heights,2010.0,433242.0115131579,0
94,Clarendon Heights,2011.0,456422.8676470588,0
95,Clarendon Heights,2012.0,489603.7016393443,0
96,Clarendon Heights,2013.0,517453.59410801966,0
97,Clarendon Heights,2014.0,535623.603960396,0
98,Clarendon Heights,2015.0,570922.8912685338,0
99,Clarendon Heights,2016.0,592164.1120263592,0
100,Corona Heights,2007.0,286211.34715960326,0
101,Corona Heights,2008.0,317710.05424954795,0
102,Corona Heights,2009.0,327748.89707187226,0
103,Corona Heights,2010.0,338444.62071992975,0
104,Corona Heights,2011.0,342979.0503909644,0
105,Corona Heights,2012.0,364459.86240140226,0
106,Corona Heights,2013.0,379856.64700854704,0
107,Corona Heights,2014.0,403671.12372013653,0
108,Corona Heights,2015.0,424334.1375212224,0
109,Corona Heights,2016.0,449347.9194630872,0
110,Cow Hollow,2007.0,420805.7726692209,0
111,Cow Hollow,2008.0,451936.56223893067,0
112,Cow Hollow,2009.0,489572.1114357262,0
113,Cow Hollow,2010.0,511956.4448605909,0
114,Cow Hollow,2011.0,518223.25591836736,0
115,Cow Hollow,2012.0,560901.8323770491,0
116,Cow Hollow,2013.0,598064.8395112016,0
117,Cow Hollow,2014.0,627728.740859783,0
118,Cow Hollow,2015.0,664017.4209478295,0
119,Cow Hollow,2016.0,717956.3121756488,0
120,Croker Amazon,2007.0,151060.19703243618,0
121,Croker Amazon,2008.0,157757.3702553485,0
122,Croker Amazon,2009.0,159612.8702553485,0
123,Croker Amazon,2010.0,160064.21635610767,0
124,Croker Amazon,2011.0,168466.07694962042,0
125,Croker Amazon,2012.0,171720.42305037958,0
126,Croker Amazon,2013.0,182032.94314266022,0
127,Croker Amazon,2014.0,193343.08752584425,0
128,Croker Amazon,2015.0,207129.01687327825,0
129,Croker Amazon,2016.0,221071.26987951808,0
130,Diamond Heights,2007.0,196532.5650089874,0
131,Diamond Heights,2008.0,208914.23123123124,0
132,Diamond Heights,2009.0,221040.57579388857,0
133,Diamond Heights,2010.0,223258.79904019195,0
134,Diamond Heights,2011.0,232622.33333333334,0
135,Diamond Heights,2012.0,238336.79676258992,0
136,Diamond Heights,2013.0,248897.2079089275,0
137,Diamond Heights,2014.0,262487.8451882845,0
138,Diamond Heights,2015.0,296746.05508982035,0
139,Diamond Heights,2016.0,313987.9262589928,0
140,Downtown,2007.0,272199.58462259726,0
141,Downtown,2008.0,310493.8238544785,0
142,Downtown,2009.0,329859.43511972635,0
143,Downtown,2010.0,334514.25238744885,0
144,Downtown,2011.0,339773.1068181818,0
145,Downtown,2012.0,356802.41768985905,0
146,Downtown,2013.0,387339.9988649262,0
147,Downtown,2014.0,413642.9599099099,0
148,Downtown,2015.0,432624.3892511806,0
149,Downtown,2016.0,457311.4643416052,0
150,Duboce Triangle,2007.0,358107.0816901408,0
151,Duboce Triangle,2008.0,385705.04608938546,0
152,Duboce Triangle,2009.0,407273.82344827586,0
153,Duboce Triangle,2010.0,428566.878248974,0
154,Duboce Triangle,2011.0,442492.5208613728,0
155,Duboce Triangle,2012.0,474638.96472184535,0
156,Duboce Triangle,2013.0,478395.15803452855,0
157,Duboce Triangle,2014.0,471015.6835443038,0
158,Duboce Triangle,2015.0,504149.7804265997,0
159,Duboce Triangle,2016.0,536320.3796856106,0
160,Eureka Valley/Dolores Heights,2007.0,322382.81361636036,0
161,Eureka Valley/Dolores Heights,2008.0,348609.3340184995,0
162,Eureka Valley/Dolores Heights,2009.0,370905.47554763115,0
163,Eureka Valley/Dolores Heights,2010.0,385126.48098377284,0
164,Eureka Valley/Dolores Heights,2011.0,398960.08974035794,0
165,Eureka Valley/Dolores Heights,2012.0,430914.6582278481,0
166,Eureka Valley/Dolores Heights,2013.0,449594.39751552796,0
167,Eureka Valley/Dolores Heights,2014.0,469630.4371023005,0
168,Eureka Valley/Dolores Heights,2015.0,500993.0749818005,0
169,Eureka Valley/Dolores Heights,2016.0,535677.5630455868,0
170,Excelsior,2007.0,148926.16874777025,0
171,Excelsior,2008.0,157575.18887105404,0
172,Excelsior,2009.0,160484.7437766714,0
173,Excelsior,2010.0,159672.21395514417,0
174,Excelsior,2011.0,169683.12219850588,0
175,Excelsior,2012.0,171672.85269524995,0
176,Excelsior,2013.0,176756.572265625,0
177,Excelsior,2014.0,187218.6146740096,0
178,Excelsior,2015.0,200538.82365476826,0
179,Excelsior,2016.0,214011.13922926656,0
180,Financial District North,2007.0,2644313.577484364,0
181,Financial District North,2008.0,3178290.3363136174,0
182,Financial District North,2009.0,3321722.2652501715,0
183,Financial District North,2010.0,3586261.656142759,0
184,Financial District North,2011.0,3566222.6267123288,0
185,Financial District North,2012.0,3580405.3790267305,0
186,Financial District North,2013.0,3690577.370801919,0
187,Financial District North,2014.0,3736700.117888965,0
188,Financial District North,2015.0,3872218.5709389993,0
189,Financial District North,2016.0,4339056.985626283,0
190,Financial District South,2007.0,1022518.3370267774,0
191,Financial District South,2008.0,1057585.1311475409,0
192,Financial District South,2009.0,1350745.088591184,0
193,Financial District South,2010.0,1242563.1672308734,0
194,Financial District South,2011.0,1270051.4114459872,0
195,Financial District South,2012.0,1381463.6529989834,0
196,Financial District South,2013.0,1416785.3879485442,0
197,Financial District South,2014.0,1617034.7325660123,0
198,Financial District South,2015.0,1492878.8292464116,0
199,Financial District South,2016.0,1470701.893851668,0
200,Forest Hill,2007.0,325625.2023233301,0
201,Forest Hill,2008.0,353934.7029126214,0
202,Forest Hill,2009.0,365838.6436222006,0
203,Forest Hill,2010.0,366116.13951219514,0
204,Forest Hill,2011.0,381578.4105571848,0
205,Forest Hill,2012.0,401326.0589390963,0
206,Forest Hill,2013.0,412892.18567103933,0
207,Forest Hill,2014.0,477143.98084815324,0
208,Forest Hill,2015.0,514016.4173441734,0
209,Forest Hill,2016.0,548114.0366350068,0
210,Forest Hill Extension,2007.0,249169.59742120345,0
211,Forest Hill Extension,2008.0,265819.05706134095,0
212,Forest Hill Extension,2009.0,281964.0459770115,0
213,Forest Hill Extension,2010.0,279838.1795977011,0
214,Forest Hill Extension,2011.0,291988.1767241379,0
215,Forest Hill Extension,2012.0,306590.0517241379,0
216,Forest Hill Extension,2013.0,318825.55395683454,0
217,Forest Hill Extension,2014.0,334816.94759825326,0
218,Forest Hill Extension,2015.0,350968.59534206695,0
219,Forest Hill Extension,2016.0,380787.7481804949,0
220,Forest Knolls,2007.0,247007.47338403043,0
221,Forest Knolls,2008.0,283995.83269961976,0
222,Forest Knolls,2009.0,301677.92395437264,0
223,Forest Knolls,2010.0,317105.1330798479,0
224,Forest Knolls,2011.0,333460.0551330798,0
225,Forest Knolls,2012.0,352654.7661596958,0
226,Forest Knolls,2013.0,368382.4049429658,0
227,Forest Knolls,2014.0,386308.27376425854,0
228,Forest Knolls,2015.0,436464.94696969696,0
229,Forest Knolls,2016.0,458681.98295454547,0
230,Glen Park,2007.0,222703.16558068225,0
231,Glen Park,2008.0,249422.46846153846,0
232,Glen Park,2009.0,260265.16945288755,0
233,Glen Park,2010.0,270315.2575238095,0
234,Glen Park,2011.0,278990.878607421,0
235,Glen Park,2012.0,293963.95098784193,0
236,Glen Park,2013.0,306351.15343915345,0
237,Glen Park,2014.0,325954.5017026107,0
238,Glen Park,2015.0,356082.16383540956,0
239,Glen Park,2016.0,384803.5298535486,0
240,Golden Gate Heights,2007.0,213019.63340724315,0
241,Golden Gate Heights,2008.0,225021.9903917221,0
242,Golden Gate Heights,2009.0,234461.02999268472,0
243,Golden Gate Heights,2010.0,245102.97428361498,0
244,Golden Gate Heights,2011.0,254303.98383541513,0
245,Golden Gate Heights,2012.0,265229.5062454078,0
246,Golden Gate Heights,2013.0,277620.46774193546,0
247,Golden Gate Heights,2014.0,299835.4945054945,0
248,Golden Gate Heights,2015.0,317901.87856620335,0
249,Golden Gate Heights,2016.0,341101.3004385965,0
250,Haight Ashbury,2007.0,266865.43731019524,0
251,Haight Ashbury,2008.0,295156.807145932,0
252,Haight Ashbury,2009.0,317740.4931271478,0
253,Haight Ashbury,2010.0,335199.8797280068,0
254,Haight Ashbury,2011.0,349530.7091599831,0
255,Haight Ashbury,2012.0,364659.5149978876,0
256,Haight Ashbury,2013.0,381530.1707011686,0
257,Haight Ashbury,2014.0,392435.2274233637,0
258,Haight Ashbury,2015.0,412984.5050875051,0
259,Haight Ashbury,2016.0,440229.3613821138,0
260,Hayes Valley,2007.0,296898.5125376128,0
261,Hayes Valley,2008.0,330275.8949454906,0
262,Hayes Valley,2009.0,347530.61773399013,0
263,Hayes Valley,2010.0,361103.68642822147,0
264,Hayes Valley,2011.0,372836.3651741294,0
265,Hayes Valley,2012.0,393870.3295,0
266,Hayes Valley,2013.0,407516.0490529383,0
267,Hayes Valley,2014.0,379618.80831903947,0
268,Hayes Valley,2015.0,449677.9711538461,0
269,Hayes Valley,2016.0,471214.68686041754,0
270,Hunters Point,2007.0,131197.69852941178,0
271,Hunters Point,2008.0,136930.17453069508,0
272,Hunters Point,2009.0,166666.21146044624,0
273,Hunters Point,2010.0,172047.35714285713,0
274,Hunters Point,2011.0,162523.08953033268,0
275,Hunters Point,2012.0,158954.99563318776,0
276,Hunters Point,2013.0,154556.68293736503,0
277,Hunters Point,2014.0,153875.7363872083,0
278,Hunters Point,2015.0,166517.43358085808,0
279,Hunters Point,2016.0,213390.39460305046,0
280,Ingleside,2007.0,139956.0112244898,0
281,Ingleside,2008.0,149648.67548321464,0
282,Ingleside,2009.0,154299.3630346232,0
283,Ingleside,2010.0,156702.1115071283,0
284,Ingleside,2011.0,161518.3630346232,0
285,Ingleside,2012.0,169398.52138492872,0
286,Ingleside,2013.0,175828.53258655805,0
287,Ingleside,2014.0,186952.96339603458,0
288,Ingleside,2015.0,197977.3591047813,0
289,Ingleside,2016.0,210880.3082400814,0
290,Ingleside Heights,2007.0,164813.58333333334,0
291,Ingleside Heights,2008.0,175069.85104166667,0
292,Ingleside Heights,2009.0,171700.496875,0
293,Ingleside Heights,2010.0,171375.50208333333,0
294,Ingleside Heights,2011.0,163219.44913627638,0
295,Ingleside Heights,2012.0,177093.0140625,0
296,Ingleside Heights,2013.0,178849.65833333333,0
297,Ingleside Heights,2014.0,201744.63229166667,0
298,Ingleside Heights,2015.0,215651.07760416667,0
299,Ingleside Heights,2016.0,224515.85260416666,0
300,Ingleside Terrace,2007.0,227586.46102150538,0
301,Ingleside Terrace,2008.0,247797.71774193548,0
302,Ingleside Terrace,2009.0,264000.64919354836,0
303,Ingleside Terrace,2010.0,266893.7755376344,0
304,Ingleside Terrace,2011.0,275703.44623655913,0
305,Ingleside Terrace,2012.0,285441.251344086,0
306,Ingleside Terrace,2013.0,299835.20107238606,0
307,Ingleside Terrace,2014.0,326934.7707774799,0
308,Ingleside Terrace,2015.0,351266.29356568365,0
309,Ingleside Terrace,2016.0,384685.43029490614,0
310,Inner Mission,2007.0,248165.6992238981,0
311,Inner Mission,2008.0,279301.11703682056,0
312,Inner Mission,2009.0,295459.73843262,0
313,Inner Mission,2010.0,288617.15446820174,0
314,Inner Mission,2011.0,300062.89793122344,0
315,Inner Mission,2012.0,320337.6013708019,0
316,Inner Mission,2013.0,343919.44035704626,0
317,Inner Mission,2014.0,350889.87696404796,0
318,Inner Mission,2015.0,364617.068628711,0
319,Inner Mission,2016.0,409024.614875191,0
320,Inner Parkside,2007.0,212443.68806699233,0
321,Inner Parkside,2008.0,228313.57780879273,0
322,Inner Parkside,2009.0,242108.94769874477,0
323,Inner Parkside,2010.0,246238.32613240418,0
324,Inner Parkside,2011.0,255986.59251559252,0
325,Inner Parkside,2012.0,271064.90492713393,0
326,Inner Parkside,2013.0,277783.51839000697,0
327,Inner Parkside,2014.0,295799.10263522883,0
328,Inner Parkside,2015.0,318931.67891816923,0
329,Inner Parkside,2016.0,335500.2080443828,0
330,Inner Richmond,2007.0,260863.03295750218,0
331,Inner Richmond,2008.0,274579.25657894736,0
332,Inner Richmond,2009.0,295527.58142857143,0
333,Inner Richmond,2010.0,306209.4721030043,0
334,Inner Richmond,2011.0,315388.5406712173,0
335,Inner Richmond,2012.0,329123.8744305239,0
336,Inner Richmond,2013.0,341393.61155152885,0
337,Inner Richmond,2014.0,354023.49901102006,0
338,Inner Richmond,2015.0,377333.1462037821,0
339,Inner Richmond,2016.0,400669.66807076667,0
340,Inner Sunset,2007.0,222422.6403229753,0
341,Inner Sunset,2008.0,242565.39280469896,0
342,Inner Sunset,2009.0,258011.27679222357,0
343,Inner Sunset,2010.0,262581.1199902842,0
344,Inner Sunset,2011.0,270334.83276863507,0
345,Inner Sunset,2012.0,285141.78602620086,0
346,Inner Sunset,2013.0,298540.99758861825,0
347,Inner Sunset,2014.0,313089.0113334941,0
348,Inner Sunset,2015.0,328996.1623111963,0
349,Inner Sunset,2016.0,344436.307342741,0
350,Jordan Park/Laurel Heights,2007.0,383009.94730941707,0
351,Jordan Park/Laurel Heights,2008.0,419160.71380846325,0
352,Jordan Park/Laurel Heights,2009.0,430675.45059717697,0
353,Jordan Park/Laurel Heights,2010.0,444982.11500547646,0
354,Jordan Park/Laurel Heights,2011.0,454561.2622415669,0
355,Jordan Park/Laurel Heights,2012.0,485665.33515283844,0
356,Jordan Park/Laurel Heights,2013.0,508941.6282051282,0
357,Jordan Park/Laurel Heights,2014.0,528762.8437832093,0
358,Jordan Park/Laurel Heights,2015.0,568872.2940552017,0
359,Jordan Park/Laurel Heights,2016.0,604172.4893842888,0
360,Lake --The Presidio,2007.0,336394.6742344245,0
361,Lake --The Presidio,2008.0,357013.4722654225,0
362,Lake --The Presidio,2009.0,386006.08411214955,0
363,Lake --The Presidio,2010.0,393346.172987013,0
364,Lake --The Presidio,2011.0,407700.7177628172,0
365,Lake --The Presidio,2012.0,422759.6654620547,0
366,Lake --The Presidio,2013.0,438877.49897854956,0
367,Lake --The Presidio,2014.0,464123.51505870343,0
368,Lake --The Presidio,2015.0,492922.7313735428,0
369,Lake --The Presidio,2016.0,525258.7667004048,0
370,Lake Shore,2007.0,267230.92893835617,0
371,Lake Shore,2008.0,282757.0068493151,0
372,Lake Shore,2009.0,295040.14469178085,0
373,Lake Shore,2010.0,308142.3244863014,0
374,Lake Shore,2012.0,336250.2440068493,0
375,Lake Shore,2013.0,344243.16780821915,0
376,Lake Shore,2014.0,358644.49143835617,0
377,Lake Shore,2015.0,383652.27311643836,0
378,Lake Shore,2016.0,405115.5616438356,0
379,Lakeside,2007.0,245602.35025380712,0
380,Lakeside,2008.0,262281.65084745764,0
381,Lakeside,2009.0,270766.706779661,0
382,Lakeside,2010.0,276278.60508474574,0
383,Lakeside,2012.0,304480.9644067797,0
384,Lakeside,2013.0,316846.5847457627,0
385,Lakeside,2014.0,332975.8355932203,0
386,Lakeside,2015.0,348006.30677966104,0
387,Lakeside,2016.0,369987.61694915255,0
388,Lone Mountain,2007.0,234451.0435383552,0
389,Lone Mountain,2008.0,256493.0805785124,0
390,Lone Mountain,2009.0,272615.4628610729,0
391,Lone Mountain,2010.0,284241.2580424367,0
392,Lone Mountain,2011.0,294906.8281998631,0
393,Lone Mountain,2012.0,302922.1562714188,0
394,Lone Mountain,2013.0,316340.9247606019,0
395,Lone Mountain,2014.0,329790.61638225254,0
396,Lone Mountain,2015.0,357248.3025956284,0
397,Lone Mountain,2016.0,382272.3671662125,0
398,Lower Pacific Heights,2007.0,290080.6552486188,0
399,Lower Pacific Heights,2008.0,316623.13984743913,0
400,Lower Pacific Heights,2009.0,341782.3633741889,0
401,Lower Pacific Heights,2010.0,355503.0799711816,0
402,Lower Pacific Heights,2011.0,363644.65718401154,0
403,Lower Pacific Heights,2012.0,387242.36366919463,0
404,Lower Pacific Heights,2013.0,405723.4926811853,0
405,Lower Pacific Heights,2014.0,432758.5833629577,0
406,Lower Pacific Heights,2015.0,464476.03886925796,0
407,Lower Pacific Heights,2016.0,467876.8123076923,0
408,Marina,2007.0,417058.44953789277,0
409,Marina,2008.0,457094.15845588234,0
410,Marina,2009.0,498067.8305830583,0
411,Marina,2010.0,510889.51262349065,0
412,Marina,2011.0,522087.52851434797,0
413,Marina,2012.0,551994.8401310998,0
414,Marina,2013.0,575636.1819164265,0
415,Marina,2014.0,605052.6868940754,0
416,Marina,2015.0,646166.9171724385,0
417,Marina,2016.0,682746.0530222694,0
418,Merced Heights,2007.0,145706.93756194253,0
419,Merced Heights,2008.0,153802.2418235877,0
420,Merced Heights,2009.0,156488.13379583746,0
421,Merced Heights,2010.0,159253.37958374628,0
422,Merced Heights,2011.0,162933.53518334986,0
423,Merced Heights,2012.0,175564.29236868187,0
424,Merced Heights,2013.0,178151.4667988107,0
425,Merced Heights,2014.0,194944.72844400397,0
426,Merced Heights,2015.0,204525.6521308226,0
427,Merced Heights,2016.0,218960.3042616452,0
428,Merced Manor,2007.0,264933.28115942026,0
429,Merced Manor,2008.0,284403.3101449275,0
430,Merced Manor,2009.0,295937.62028985505,0
431,Merced Manor,2010.0,296794.9768115942,0
432,Merced Manor,2012.0,328151.0,0
433,Merced Manor,2013.0,337691.74855491327,0
434,Merced Manor,2014.0,360863.37861271674,0
435,Merced Manor,2015.0,391902.70231213875,0
436,Merced Manor,2016.0,411291.28034682083,0
437,Midtown Terrace,2007.0,185137.00106496274,0
438,Midtown Terrace,2008.0,203228.3191940615,0
439,Midtown Terrace,2009.0,215654.79064824653,0
440,Midtown Terrace,2010.0,219231.61317747078,0
441,Midtown Terrace,2011.0,233368.422008547,0
442,Midtown Terrace,2012.0,244991.56944444444,0
443,Midtown Terrace,2013.0,258931.24338624338,0
444,Midtown Terrace,2014.0,264509.43011811026,0
445,Midtown Terrace,2015.0,281078.9743589744,0
446,Midtown Terrace,2016.0,301071.0631163708,0
447,Miraloma Park,2007.0,212973.6944,0
448,Miraloma Park,2008.0,232019.6656,0
449,Miraloma Park,2009.0,243384.60046948356,0
450,Miraloma Park,2010.0,246630.27759511507,0
451,Miraloma Park,2011.0,255138.5986872949,0
452,Miraloma Park,2012.0,266743.2153918348,0
453,Miraloma Park,2013.0,277421.5849765258,0
454,Miraloma Park,2014.0,289635.1118421053,0
455,Miraloma Park,2015.0,310667.5037558685,0
456,Miraloma Park,2016.0,340174.75622357917,0
457,Mission Bay,2007.0,571093.454719144,0
458,Mission Bay,2008.0,591989.7807153966,0
459,Mission Bay,2009.0,618096.2479976268,0
460,Mission Bay,2010.0,693428.7883190883,0
461,Mission Bay,2011.0,604300.2492522433,0
462,Mission Bay,2012.0,674416.1808537509,0
463,Mission Bay,2013.0,699480.2239179384,0
464,Mission Bay,2014.0,715110.8370646766,0
465,Mission Bay,2015.0,721135.3244693258,0
466,Mission Bay,2016.0,787160.1114998834,0
467,Mission Dolores,2007.0,263433.66263736266,0
468,Mission Dolores,2008.0,297949.1154672395,0
469,Mission Dolores,2009.0,316692.9968304279,0
470,Mission Dolores,2010.0,322162.69098488794,0
471,Mission Dolores,2011.0,332193.7497393118,0
472,Mission Dolores,2012.0,350268.4113957135,0
473,Mission Dolores,2013.0,356998.3622892182,0
474,Mission Dolores,2014.0,367443.78564405115,0
475,Mission Dolores,2015.0,378397.83253588516,0
476,Mission Dolores,2016.0,412155.6008482564,0
477,Mission Terrace,2007.0,158993.29662317727,0
478,Mission Terrace,2008.0,170775.17229470453,0
479,Mission Terrace,2009.0,176389.65209052552,0
480,Mission Terrace,2010.0,179774.66973532797,0
481,Mission Terrace,2011.0,188918.26704980843,0
482,Mission Terrace,2012.0,199253.6315184049,0
483,Mission Terrace,2013.0,202730.81096625768,0
484,Mission Terrace,2014.0,214961.86584898428,0
485,Mission Terrace,2015.0,228188.06360153257,0
486,Mission Terrace,2016.0,245679.09808429118,0
487,Monterey Heights,2007.0,373488.92698412697,0
488,Monterey Heights,2008.0,397707.4253968254,0
489,Monterey Heights,2009.0,419412.0444444445,0
490,Monterey Heights,2010.0,426595.6222222222,0
491,Monterey Heights,2011.0,440236.25396825396,0
492,Monterey Heights,2012.0,452056.3396825397,0
493,Monterey Heights,2013.0,474912.9492063492,0
494,Monterey Heights,2014.0,506162.453968254,0
495,Monterey Heights,2015.0,533987.746031746,0
496,Monterey Heights,2016.0,577747.3714285714,0
497,Mount Davidson Manor,2007.0,228722.6342105263,0
498,Mount Davidson Manor,2008.0,242604.43289473685,0
499,Mount Davidson Manor,2009.0,257281.88815789475,0
500,Mount Davidson Manor,2010.0,260163.4894736842,0
501,Mount Davidson Manor,2011.0,269055.2947368421,0
502,Mount Davidson Manor,2012.0,277229.4342105263,0
503,Mount Davidson Manor,2013.0,287712.96710526315,0
504,Mount Davidson Manor,2014.0,310353.1152317881,0
505,Mount Davidson Manor,2015.0,328636.85714285716,0
506,Mount Davidson Manor,2016.0,347610.47284768213,0
507,Nob Hill,2007.0,349129.7181308411,0
508,Nob Hill,2008.0,381072.7332345313,0
509,Nob Hill,2009.0,402595.6840354767,0
510,Nob Hill,2010.0,427523.7103145574,0
511,Nob Hill,2011.0,435408.8353457739,0
512,Nob Hill,2012.0,466587.2903698279,0
513,Nob Hill,2013.0,492819.9430032883,0
514,Nob Hill,2014.0,487947.67741935485,0
515,Nob Hill,2015.0,546256.2334024897,0
516,Nob Hill,2016.0,586126.283839779,0
517,Noe Valley,2007.0,281727.5400770038,0
518,Noe Valley,2008.0,317285.9754558205,0
519,Noe Valley,2009.0,342367.3590948651,0
520,Noe Valley,2010.0,345398.4178012253,0
521,Noe Valley,2011.0,364676.2065904046,0
522,Noe Valley,2012.0,384978.46398088086,0
523,Noe Valley,2013.0,408274.7053934871,0
524,Noe Valley,2014.0,426430.85923064,0
525,Noe Valley,2015.0,459559.7818333333,0
526,Noe Valley,2016.0,498960.24684385385,0
527,North Beach,2007.0,293967.7918948521,0
528,North Beach,2008.0,316533.09549945116,0
529,North Beach,2009.0,349707.2112211221,0
530,North Beach,2010.0,356840.886214442,0
531,North Beach,2011.0,352989.81291028444,0
532,North Beach,2012.0,375693.3614457831,0
533,North Beach,2013.0,406872.940411701,0
534,North Beach,2014.0,422114.1780673181,0
535,North Beach,2015.0,446399.67280606716,0
536,North Beach,2016.0,463071.9121114684,0
537,North Waterfront,2007.0,623742.204735376,0
538,North Waterfront,2008.0,707188.8119777159,0
539,North Waterfront,2009.0,673014.7569269522,0
540,North Waterfront,2010.0,734617.9569620253,0
541,North Waterfront,2011.0,867270.2109704642,0
542,North Waterfront,2012.0,791237.8860759494,0
543,North Waterfront,2013.0,840680.3658227848,0
544,North Waterfront,2014.0,898735.4734177216,0
545,North Waterfront,2015.0,953461.6493670886,0
546,North Waterfront,2016.0,1007685.7742749054,0
547,Oceanview,2007.0,152415.27805178793,0
548,Oceanview,2008.0,166156.036877689,0
549,Oceanview,2009.0,165018.15313653136,0
550,Oceanview,2010.0,168846.56265356267,0
551,Oceanview,2011.0,176591.45390070922,0
552,Oceanview,2012.0,175341.38291333744,0
553,Oceanview,2013.0,177657.86458333334,0
554,Oceanview,2014.0,196400.36151960783,0
555,Oceanview,2015.0,211261.20526960783,0
556,Oceanview,2016.0,219116.4343373494,0
557,Outer Mission,2007.0,140347.00419874038,0
558,Outer Mission,2008.0,150308.7890516039,0
559,Outer Mission,2009.0,154681.91357592723,0
560,Outer Mission,2010.0,156160.60042134832,0
561,Outer Mission,2011.0,174518.41701244813,0
562,Outer Mission,2012.0,168127.77922077922,0
563,Outer Mission,2013.0,171285.48753948754,0
564,Outer Mission,2014.0,181897.0719803371,0
565,Outer Mission,2015.0,196490.74824438203,0
566,Outer Mission,2016.0,211233.89431179775,0
567,Outer Parkside,2007.0,168398.28990037116,0
568,Outer Parkside,2008.0,182485.1330472103,0
569,Outer Parkside,2009.0,185885.5218335868,0
570,Outer Parkside,2010.0,189219.3433289874,0
571,Outer Parkside,2011.0,200333.13016079966,0
572,Outer Parkside,2012.0,207243.8402868318,0
573,Outer Parkside,2013.0,209334.65652835107,0
574,Outer Parkside,2014.0,225900.97289091302,0
575,Outer Parkside,2015.0,240141.41749891447,0
576,Outer Parkside,2016.0,253623.40794615718,0
577,Outer Richmond,2007.0,213832.72330208097,0
578,Outer Richmond,2008.0,226697.06983112733,0
579,Outer Richmond,2009.0,236918.84668035593,0
580,Outer Richmond,2010.0,242923.51825650388,0
581,Outer Richmond,2011.0,253223.88684389912,0
582,Outer Richmond,2012.0,263672.16643929057,0
583,Outer Richmond,2013.0,275531.74058956915,0
584,Outer Richmond,2014.0,290373.72011794057,0
585,Outer Richmond,2015.0,307594.6016700519,0
586,Outer Richmond,2016.0,328192.7506195089,0
587,Outer Sunset,2007.0,182392.9592811647,0
588,Outer Sunset,2008.0,192073.07426754484,0
589,Outer Sunset,2009.0,201376.15113636362,0
590,Outer Sunset,2010.0,201543.47176230437,0
591,Outer Sunset,2011.0,210995.77604166666,0
592,Outer Sunset,2012.0,214753.94540099683,0
593,Outer Sunset,2013.0,220932.8219705549,0
594,Outer Sunset,2014.0,235402.89105322762,0
595,Outer Sunset,2015.0,248604.45053203532,0
596,Outer Sunset,2016.0,262113.1145314622,0
597,Pacific Heights,2007.0,573531.9428062537,0
598,Pacific Heights,2008.0,647567.0436069455,0
599,Pacific Heights,2009.0,693188.9647221128,0
600,Pacific Heights,2010.0,713056.9641025641,0
601,Pacific Heights,2011.0,738431.5547028729,0
602,Pacific Heights,2012.0,792592.6364351761,0
603,Pacific Heights,2013.0,852976.2592303185,0
604,Pacific Heights,2014.0,901497.2195597116,0
605,Pacific Heights,2015.0,956476.8806057076,0
606,Pacific Heights,2016.0,987893.5624288425,0
607,Park North,2007.0,279193.2472840145,0
608,Park North,2008.0,306418.8118609407,0
609,Park North,2009.0,325190.5158974359,0
610,Park North,2010.0,345554.7867609904,0
611,Park North,2011.0,354035.76961770625,0
612,Park North,2012.0,369119.6914199699,0
613,Park North,2013.0,385701.7195481336,0
614,Park North,2014.0,400093.4951267057,0
615,Park North,2015.0,414896.4454459203,0
616,Park North,2016.0,440789.0982058546,0
617,Parkside,2007.0,178630.78761061947,0
618,Parkside,2008.0,194502.498364441,0
619,Parkside,2009.0,203377.92975712038,0
620,Parkside,2010.0,207819.32558545962,0
621,Parkside,2011.0,217655.7933624454,0
622,Parkside,2012.0,227681.8247728861,0
623,Parkside,2013.0,231496.78780998953,0
624,Parkside,2014.0,246075.58407543215,0
625,Parkside,2015.0,262055.85088178804,0
626,Parkside,2016.0,275542.7090972586,0
627,Parnassus/Ashbury Heights,2007.0,338432.75235700817,0
628,Parnassus/Ashbury Heights,2008.0,366420.67084639496,0
629,Parnassus/Ashbury Heights,2009.0,392515.598622417,0
630,Parnassus/Ashbury Heights,2010.0,402069.6919254658,0
631,Parnassus/Ashbury Heights,2011.0,428542.7294117647,0
632,Parnassus/Ashbury Heights,2012.0,456416.37064676615,0
633,Parnassus/Ashbury Heights,2013.0,478013.3113440197,0
634,Parnassus/Ashbury Heights,2014.0,499086.92839506175,0
635,Parnassus/Ashbury Heights,2015.0,521576.61060329067,0
636,Parnassus/Ashbury Heights,2016.0,556570.3674588666,0
637,Pine Lake Park,2007.0,226931.2711864407,0
638,Pine Lake Park,2008.0,244227.20096852302,0
639,Pine Lake Park,2009.0,257585.4430992736,0
640,Pine Lake Park,2010.0,251391.86198547215,0
641,Pine Lake Park,2011.0,266974.61259079905,0
642,Pine Lake Park,2012.0,287848.00968523003,0
643,Pine Lake Park,2013.0,292619.43341404357,0
644,Pine Lake Park,2014.0,304141.0992736078,0
645,Pine Lake Park,2015.0,328221.4455205811,0
646,Pine Lake Park,2016.0,353511.20581113803,0
647,Portola,2007.0,142945.8335477232,0
648,Portola,2008.0,152173.85140355394,0
649,Portola,2009.0,155749.22276590264,0
650,Portola,2010.0,156705.71274131275,0
651,Portola,2011.0,167100.03887744594,0
652,Portola,2012.0,173653.9358908342,0
653,Portola,2013.0,177071.84744018523,0
654,Portola,2014.0,189498.63615325277,0
655,Portola,2015.0,206163.96710357236,0
656,Portola,2016.0,219848.72456320658,0
657,Potrero Hill,2007.0,266698.8692493947,0
658,Potrero Hill,2008.0,279777.89447983017,0
659,Potrero Hill,2009.0,310853.94890355546,0
660,Potrero Hill,2010.0,300785.5894992905,0
661,Potrero Hill,2011.0,291831.7640016234,0
662,Potrero Hill,2012.0,341400.1772561716,0
663,Potrero Hill,2013.0,361447.07926707825,0
664,Potrero Hill,2014.0,372428.4043607532,0
665,Potrero Hill,2015.0,428737.1550822846,0
666,Potrero Hill,2016.0,461504.521983343,0
667,Presidio Heights,2007.0,791806.2295918367,0
668,Presidio Heights,2008.0,886748.9436379164,0
669,Presidio Heights,2009.0,958527.8740425532,0
670,Presidio Heights,2010.0,987963.9262086514,0
671,Presidio Heights,2011.0,1038974.8010160881,0
672,Presidio Heights,2012.0,1092905.90237691,0
673,Presidio Heights,2013.0,1179676.2807757168,0
674,Presidio Heights,2014.0,1241499.113271344,0
675,Presidio Heights,2015.0,1321622.2400676247,0
676,Presidio Heights,2016.0,1397364.253164557,0
677,Russian Hill,2007.0,295948.9109368717,0
678,Russian Hill,2008.0,286934.51631617115,0
679,Russian Hill,2009.0,312950.1597686608,0
680,Russian Hill,2010.0,322715.0052083333,0
681,Russian Hill,2011.0,333741.90545389306,0
682,Russian Hill,2012.0,352595.92220625223,0
683,Russian Hill,2013.0,374482.0944741533,0
684,Russian Hill,2014.0,397200.011942959,0
685,Russian Hill,2015.0,422653.2595419847,0
686,Russian Hill,2016.0,452017.9104240283,0
687,Sea Cliff,2007.0,705068.3671128107,0
688,Sea Cliff,2008.0,791171.7066666667,0
689,Sea Cliff,2009.0,858878.0247148289,0
690,Sea Cliff,2010.0,888094.7729007633,0
691,Sea Cliff,2011.0,939279.7142857143,0
692,Sea Cliff,2012.0,992049.9082217973,0
693,Sea Cliff,2013.0,1057670.3307839388,0
694,Sea Cliff,2014.0,1110278.7380497132,0
695,Sea Cliff,2015.0,1188811.1739961759,0
696,Sea Cliff,2016.0,1265560.9216061186,0
697,Sherwood Forest,2007.0,276805.933908046,0
698,Sherwood Forest,2008.0,301015.1120689655,0
699,Sherwood Forest,2009.0,314780.2931034483,0
700,Sherwood Forest,2010.0,323167.9913793103,0
701,Sherwood Forest,2011.0,331769.1522988506,0
702,Sherwood Forest,2012.0,343694.5545977011,0
703,Sherwood Forest,2013.0,358473.6350574713,0
704,Sherwood Forest,2014.0,379854.36023054755,0
705,Sherwood Forest,2015.0,402676.84149855905,0
706,Sherwood Forest,2016.0,429419.4293948127,0
707,Silver Terrace,2007.0,112617.39558058926,0
708,Silver Terrace,2008.0,123480.83549783549,0
709,Silver Terrace,2009.0,124076.44646727352,0
710,Silver Terrace,2010.0,129203.81220250974,0
711,Silver Terrace,2011.0,136227.09000432712,0
712,Silver Terrace,2012.0,141235.41966219142,0
713,Silver Terrace,2013.0,145892.12472932006,0
714,Silver Terrace,2014.0,156108.90303030302,0
715,Silver Terrace,2015.0,172165.39454309226,0
716,Silver Terrace,2016.0,180875.19385547383,0
717,South Beach,2007.0,506311.4845053635,0
718,South Beach,2008.0,519755.2089634314,0
719,South Beach,2009.0,661864.6655665566,0
720,South Beach,2010.0,739828.5323997803,0
721,South Beach,2011.0,746173.0263808739,0
722,South Beach,2012.0,766689.3017312449,0
723,South Beach,2013.0,810870.513136289,0
724,South Beach,2014.0,856342.5790914067,0
725,South Beach,2015.0,881493.1295253419,0
726,South Beach,2016.0,851302.5329029054,0
727,South of Market,2007.0,416269.4675925926,0
728,South of Market,2008.0,450773.2969126341,0
729,South of Market,2009.0,543667.9816953584,0
730,South of Market,2010.0,566661.2659529807,0
731,South of Market,2011.0,573793.121630094,0
732,South of Market,2012.0,598292.0060682151,0
733,South of Market,2013.0,635932.4940932642,0
734,South of Market,2014.0,678027.1441011819,0
735,South of Market,2015.0,718875.0130383248,0
736,South of Market,2016.0,773699.7477936851,0
737,St. Francis Wood,2007.0,502566.21023766,0
738,St. Francis Wood,2008.0,535346.7714808044,0
739,St. Francis Wood,2009.0,567791.861060329,0
740,St. Francis Wood,2010.0,574521.2650822669,0
741,St. Francis Wood,2011.0,600297.2010968921,0
742,St. Francis Wood,2012.0,625627.2486288848,0
743,St. Francis Wood,2013.0,646705.529090909,0
744,St. Francis Wood,2014.0,686724.7509090909,0
745,St. Francis Wood,2015.0,719641.9783001809,0
746,St. Francis Wood,2016.0,776783.9384057971,0
747,Stonestown,2007.0,1155274.4307692307,0
748,Stonestown,2008.0,1169639.2861538462,0
749,Stonestown,2009.0,1899612.611111111,0
750,Stonestown,2010.0,2184518.564814815,0
751,Stonestown,2012.0,2245683.7832817337,0
752,Stonestown,2013.0,2310281.204968944,0
753,Stonestown,2014.0,1693961.0902934538,0
754,Stonestown,2015.0,1446393.8246268656,0
755,Stonestown,2016.0,1553429.621414914,0
756,Sunnyside,2007.0,175818.58480894688,0
757,Sunnyside,2008.0,189017.77958993477,0
758,Sunnyside,2009.0,196821.35740913328,0
759,Sunnyside,2010.0,197144.0656424581,0
760,Sunnyside,2011.0,204617.59897769516,0
761,Sunnyside,2012.0,216828.88377498838,0
762,Sunnyside,2013.0,219875.82025081283,0
763,Sunnyside,2014.0,232861.30436802973,0
764,Sunnyside,2015.0,254771.7558031569,0
765,Sunnyside,2016.0,271672.85415699024,0
766,Telegraph Hill,2007.0,354967.2336039975,0
767,Telegraph Hill,2008.0,380847.1625,0
768,Telegraph Hill,2009.0,411068.80925925926,0
769,Telegraph Hill,2010.0,430090.5318097591,0
770,Telegraph Hill,2011.0,442675.50154416304,0
771,Telegraph Hill,2012.0,464993.8504326329,0
772,Telegraph Hill,2013.0,482132.01957186544,0
773,Telegraph Hill,2014.0,504693.2804878049,0
774,Telegraph Hill,2015.0,530908.2741055185,0
775,Telegraph Hill,2016.0,561042.4233797698,0
776,Twin Peaks,2007.0,254838.8610747051,0
777,Twin Peaks,2008.0,270375.05620915035,0
778,Twin Peaks,2009.0,283320.44619422575,0
779,Twin Peaks,2010.0,296460.1651376147,0
780,Twin Peaks,2011.0,304505.2012987013,0
781,Twin Peaks,2012.0,319378.8527131783,0
782,Twin Peaks,2013.0,345300.0614805521,0
783,Twin Peaks,2014.0,362257.59959349595,0
784,Twin Peaks,2015.0,390306.46980552713,0
785,Twin Peaks,2016.0,406010.9264555669,0
786,Union Square,2007.0,490166.69696969696,0
787,Union Square,2008.0,532121.0262409105,0
788,Union Square,2009.0,618702.381795196,0
789,Union Square,2010.0,711735.0022130888,0
790,Union Square,2011.0,755933.3561946902,0
791,Union Square,2012.0,771242.2234513274,0
792,Union Square,2013.0,799244.6855246524,0
793,Union Square,2014.0,836699.9643982357,0
794,Union Square,2015.0,867825.0923416326,0
795,Union Square,2016.0,941651.2777078085,0
796,Van Ness/ Civic Center,2007.0,253044.63138967377,0
797,Van Ness/ Civic Center,2008.0,282707.30739599385,0
798,Van Ness/ Civic Center,2009.0,301350.3320483166,0
799,Van Ness/ Civic Center,2010.0,306300.7097560976,0
800,Van Ness/ Civic Center,2011.0,312972.3332519531,0
801,Van Ness/ Civic Center,2012.0,331729.1608886719,0
802,Van Ness/ Civic Center,2013.0,364047.23593864136,0
803,Van Ness/ Civic Center,2014.0,371516.61532882013,0
804,Van Ness/ Civic Center,2015.0,397528.37358126056,0
805,Van Ness/ Civic Center,2016.0,395237.0468888889,0
806,Visitacion Valley,2007.0,131492.66321779616,0
807,Visitacion Valley,2008.0,139737.33764553687,0
808,Visitacion Valley,2009.0,140164.0931372549,0
809,Visitacion Valley,2010.0,140067.0984241798,0
810,Visitacion Valley,2011.0,145537.00929032257,0
811,Visitacion Valley,2012.0,148580.23909114383,0
812,Visitacion Valley,2013.0,155854.1347792409,0
813,Visitacion Valley,2014.0,165360.86577181207,0
814,Visitacion Valley,2015.0,175324.84589571503,0
815,Visitacion Valley,2016.0,187287.20676303562,0
816,West Portal,2007.0,260392.23076923078,0
817,West Portal,2008.0,278734.8713272543,0
818,West Portal,2009.0,294088.11027332704,0
819,West Portal,2010.0,310061.32173095015,0
820,West Portal,2011.0,323719.29483568075,0
821,West Portal,2012.0,342312.00939849624,0
822,West Portal,2013.0,354054.9100281162,0
823,West Portal,2014.0,366754.62043111527,0
824,West Portal,2015.0,390485.894934334,0
825,West Portal,2016.0,410791.3639774859,0
826,Western Addition,2007.0,293563.91433146514,0
827,Western Addition,2008.0,321220.25100240577,0
828,Western Addition,2009.0,339620.4086193137,0
829,Western Addition,2010.0,342646.64565043896,0
830,Western Addition,2011.0,344112.740569669,0
831,Western Addition,2012.0,353161.26040061633,0
832,Western Addition,2013.0,357961.3353338335,0
833,Western Addition,2014.0,372800.7603305785,0
834,Western Addition,2015.0,400849.6709241172,0
835,Western Addition,2016.0,418485.93418100226,0
836,Westwood Highlands,2007.0,237474.7556675063,0
837,Westwood Highlands,2008.0,254955.66246851385,0
838,Westwood Highlands,2009.0,287138.4805914972,0
839,Westwood Highlands,2010.0,295258.0258780037,0
840,Westwood Highlands,2011.0,310130.99815157114,0
841,Westwood Highlands,2012.0,320309.2846580407,0
842,Westwood Highlands,2013.0,329153.00369685766,0
843,Westwood Highlands,2014.0,344339.6291512915,0
844,Westwood Highlands,2015.0,369263.3929889299,0
845,Westwood Highlands,2016.0,386926.31734317343,0
846,Westwood Park,2007.0,199627.01408450704,0
847,Westwood Park,2008.0,215511.85289514868,0
848,Westwood Park,2009.0,227212.36150234743,0
849,Westwood Park,2010.0,225447.71830985916,0
850,Westwood Park,2011.0,232168.28169014084,0
851,Westwood Park,2012.0,248945.3255086072,0
852,Westwood Park,2013.0,254389.30359937402,0
853,Westwood Park,2014.0,272476.95652173914,0
854,Westwood Park,2015.0,287522.1782945736,0
855,Westwood Park,2016.0,315942.496124031,0
856,Yerba Buena,2007.0,158940.68042182486,0
857,Yerba Buena,2008.0,172196.6880146386,0
858,Yerba Buena,2009.0,178255.3808870599,0
859,Yerba Buena,2010.0,184776.82774355463,0
860,Yerba Buena,2011.0,195626.99339558187,0
861,Yerba Buena,2012.0,204959.31282752336,0
862,Yerba Buena,2013.0,215992.1071996366,0
863,Yerba Buena,2014.0,229813.58922482384,0
864,Yerba Buena,2015.0,251850.30304407087,0
865,Yerba Buena,2016.0,274653.405,0
