,Unnamed: 0,Neighborhood,Year,Assessed Land Value,Pct Change,Region Type,Data Type,Yearly Rent Price,Avg Rent Rate,City,Lat,Lng
0,4,Bayview,2011,175691.80613333333,0.14,neighborhood,All Homes,30723,37087.57142857143,San Francisco,37.730416,-122.384424
1,5,Bayview,2012,177818.91446666667,1.21,neighborhood,All Homes,28821,37087.57142857143,San Francisco,37.730416,-122.384424
2,6,Bayview,2013,182203.74140000003,2.47,neighborhood,All Homes,30433,37087.57142857143,San Francisco,37.730416,-122.384424
3,7,Bayview,2014,185691.45136666668,1.91,neighborhood,All Homes,35338,37087.57142857143,San Francisco,37.730416,-122.384424
4,8,Bayview,2015,198571.0392333333,6.94,neighborhood,All Homes,42870,37087.57142857143,San Francisco,37.730416,-122.384424
5,9,Bayview,2016,223100.1971333333,12.35,neighborhood,All Homes,45681,37087.57142857143,San Francisco,37.730416,-122.384424
6,14,Bernal Heights,2011,228865.7828,3.96,neighborhood,All Homes,34471,45048.428571428565,San Francisco,37.738949600000005,-122.4152013
7,15,Bernal Heights,2012,241607.1984,5.57,neighborhood,All Homes,35739,45048.428571428565,San Francisco,37.738949600000005,-122.4152013
8,16,Bernal Heights,2013,252609.8593,4.55,neighborhood,All Homes,38924,45048.428571428565,San Francisco,37.738949600000005,-122.4152013
9,17,Bernal Heights,2014,270243.4228,6.98,neighborhood,All Homes,43654,45048.428571428565,San Francisco,37.738949600000005,-122.4152013
10,18,Bernal Heights,2015,292751.0199,8.33,neighborhood,All Homes,53977,45048.428571428565,San Francisco,37.738949600000005,-122.4152013
11,19,Bernal Heights,2016,324871.4457,10.97,neighborhood,All Homes,54833,45048.428571428565,San Francisco,37.738949600000005,-122.4152013
12,24,Buena Vista,2011,422857.4194,5.38,neighborhood,All Homes,42407,54370.142857142855,San Francisco,37.806504499999996,-122.42077830000001
13,25,Buena Vista,2012,443629.3065,4.91,neighborhood,All Homes,45678,54370.142857142855,San Francisco,37.806504499999996,-122.42077830000001
14,26,Buena Vista,2013,474521.2771,6.96,neighborhood,All Homes,49364,54370.142857142855,San Francisco,37.806504499999996,-122.42077830000001
15,27,Buena Vista,2014,497350.7677,4.81,neighborhood,All Homes,53889,54370.142857142855,San Francisco,37.806504499999996,-122.42077830000001
16,28,Buena Vista,2015,524772.2003,5.51,neighborhood,All Homes,61646,54370.142857142855,San Francisco,37.806504499999996,-122.42077830000001
17,29,Buena Vista,2016,564796.0802,7.63,neighborhood,All Homes,65690,54370.142857142855,San Francisco,37.806504499999996,-122.42077830000001
18,34,Corona Heights,2011,342979.0504,1.34,neighborhood,All Homes,41051,53150.428571428565,San Francisco,37.7618119,-122.44318510000001
19,35,Corona Heights,2012,364459.8624,6.26,neighborhood,All Homes,44269,53150.428571428565,San Francisco,37.7618119,-122.44318510000001
20,36,Corona Heights,2013,379856.64700000006,4.22,neighborhood,All Homes,48263,53150.428571428565,San Francisco,37.7618119,-122.44318510000001
21,37,Corona Heights,2014,403671.1237,6.27,neighborhood,All Homes,52768,53150.428571428565,San Francisco,37.7618119,-122.44318510000001
22,38,Corona Heights,2015,424334.1375,5.12,neighborhood,All Homes,61781,53150.428571428565,San Francisco,37.7618119,-122.44318510000001
23,39,Corona Heights,2016,449347.9195,5.89,neighborhood,All Homes,64072,53150.428571428565,San Francisco,37.7618119,-122.44318510000001
24,44,Cow Hollow,2011,518223.2559,1.22,neighborhood,All Homes,52856,64405.57142857143,San Francisco,37.798033000000004,-122.43964629999999
25,45,Cow Hollow,2012,560901.8324,8.24,neighborhood,All Homes,52816,64405.57142857143,San Francisco,37.798033000000004,-122.43964629999999
26,46,Cow Hollow,2013,598064.8395,6.63,neighborhood,All Homes,56455,64405.57142857143,San Francisco,37.798033000000004,-122.43964629999999
27,47,Cow Hollow,2014,627728.7409,4.96,neighborhood,All Homes,62256,64405.57142857143,San Francisco,37.798033000000004,-122.43964629999999
28,48,Cow Hollow,2015,664017.4209,5.78,neighborhood,All Homes,75947,64405.57142857143,San Francisco,37.798033000000004,-122.43964629999999
29,49,Cow Hollow,2016,717956.3122,8.12,neighborhood,All Homes,78557,64405.57142857143,San Francisco,37.798033000000004,-122.43964629999999
30,54,Crocker Amazon,2011,168466.0769,5.25,neighborhood,All Homes,31133,37788.71428571428,San Francisco,37.71195230000001,-122.4375836
31,55,Crocker Amazon,2012,171720.4231,1.93,neighborhood,All Homes,29851,37788.71428571428,San Francisco,37.71195230000001,-122.4375836
32,56,Crocker Amazon,2013,182032.9431,6.01,neighborhood,All Homes,32700,37788.71428571428,San Francisco,37.71195230000001,-122.4375836
33,57,Crocker Amazon,2014,193343.0875,6.21,neighborhood,All Homes,35965,37788.71428571428,San Francisco,37.71195230000001,-122.4375836
34,58,Crocker Amazon,2015,207129.0169,7.13,neighborhood,All Homes,42999,37788.71428571428,San Francisco,37.71195230000001,-122.4375836
35,59,Crocker Amazon,2016,221071.2699,6.73,neighborhood,All Homes,46775,37788.71428571428,San Francisco,37.71195230000001,-122.4375836
36,64,Diamond Heights,2011,232622.3333,4.19,neighborhood,All Homes,36285,45690.428571428565,San Francisco,37.7423723,-122.44247730000001
37,65,Diamond Heights,2012,238336.7968,2.46,neighborhood,All Homes,37187,45690.428571428565,San Francisco,37.7423723,-122.44247730000001
38,66,Diamond Heights,2013,248897.2079,4.43,neighborhood,All Homes,40827,45690.428571428565,San Francisco,37.7423723,-122.44247730000001
39,67,Diamond Heights,2014,262487.8452,5.46,neighborhood,All Homes,45496,45690.428571428565,San Francisco,37.7423723,-122.44247730000001
40,68,Diamond Heights,2015,296746.0551,13.05,neighborhood,All Homes,52941,45690.428571428565,San Francisco,37.7423723,-122.44247730000001
41,69,Diamond Heights,2016,313987.9263,5.81,neighborhood,All Homes,54683,45690.428571428565,San Francisco,37.7423723,-122.44247730000001
42,74,Downtown,2011,401076.447425,4.36,neighborhood,All Homes,30867,39998.857142857145,San Francisco,37.7945742,-122.3999445
43,75,Downtown,2012,416183.278725,3.77,neighborhood,All Homes,32413,39998.857142857145,San Francisco,37.7945742,-122.3999445
44,76,Downtown,2013,441656.006875,6.12,neighborhood,All Homes,37094,39998.857142857145,San Francisco,37.7945742,-122.3999445
45,77,Downtown,2014,462918.2822,4.81,neighborhood,All Homes,41836,39998.857142857145,San Francisco,37.7945742,-122.3999445
46,78,Downtown,2015,487457.03955,5.3,neighborhood,All Homes,45888,39998.857142857145,San Francisco,37.7945742,-122.3999445
47,79,Downtown,2016,517213.298475,6.1,neighborhood,All Homes,48147,39998.857142857145,San Francisco,37.7945742,-122.3999445
48,84,Excelsior,2011,304959.6881,4.03,neighborhood,All Homes,31277,37907.0,San Francisco,37.7244152,-122.4272295
49,85,Excelsior,2012,311864.5962,2.26,neighborhood,All Homes,29939,37907.0,San Francisco,37.7244152,-122.4272295
50,86,Excelsior,2013,325834.76075,4.48,neighborhood,All Homes,32073,37907.0,San Francisco,37.7244152,-122.4272295
51,87,Excelsior,2014,346690.53435,6.4,neighborhood,All Homes,36329,37907.0,San Francisco,37.7244152,-122.4272295
52,88,Excelsior,2015,367263.28485000005,5.93,neighborhood,All Homes,43399,37907.0,San Francisco,37.7244152,-122.4272295
53,89,Excelsior,2016,395879.2553,7.79,neighborhood,All Homes,47102,37907.0,San Francisco,37.7244152,-122.4272295
54,94,Financial District,2011,2418137.019,0.15,neighborhood,All Homes,50749,62045.0,San Francisco,37.7945742,-122.3999445
55,95,Financial District,2012,2480934.516,2.6,neighborhood,All Homes,49586,62045.0,San Francisco,37.7945742,-122.3999445
56,96,Financial District,2013,2553681.3795000003,2.93,neighborhood,All Homes,56336,62045.0,San Francisco,37.7945742,-122.3999445
57,97,Financial District,2014,2676867.4255,4.82,neighborhood,All Homes,59751,62045.0,San Francisco,37.7945742,-122.3999445
58,98,Financial District,2015,2682548.7,0.21,neighborhood,All Homes,75575,62045.0,San Francisco,37.7945742,-122.3999445
59,99,Financial District,2016,2904879.4400000004,8.29,neighborhood,All Homes,73448,62045.0,San Francisco,37.7945742,-122.3999445
60,104,Forest Hill,2011,336783.29365,4.27,neighborhood,All Homes,48312,58724.42857142857,San Francisco,37.7473152,-122.46512320000001
61,105,Forest Hill,2012,353958.0553,5.1,neighborhood,All Homes,46451,58724.42857142857,San Francisco,37.7473152,-122.46512320000001
62,106,Forest Hill,2013,365858.86985,3.36,neighborhood,All Homes,52137,58724.42857142857,San Francisco,37.7473152,-122.46512320000001
63,107,Forest Hill,2014,405980.4642000001,10.97,neighborhood,All Homes,55429,58724.42857142857,San Francisco,37.7473152,-122.46512320000001
64,108,Forest Hill,2015,432492.5063,6.53,neighborhood,All Homes,67766,58724.42857142857,San Francisco,37.7473152,-122.46512320000001
65,109,Forest Hill,2016,464450.8924,7.39,neighborhood,All Homes,72182,58724.42857142857,San Francisco,37.7473152,-122.46512320000001
66,114,Forest Knolls,2011,333460.0551,5.16,neighborhood,All Homes,37977,49190.571428571435,San Francisco,37.75858789999999,-122.4594622
67,115,Forest Knolls,2012,352654.7662,5.76,neighborhood,All Homes,40084,49190.571428571435,San Francisco,37.75858789999999,-122.4594622
68,116,Forest Knolls,2013,368382.4049,4.46,neighborhood,All Homes,40165,49190.571428571435,San Francisco,37.75858789999999,-122.4594622
69,117,Forest Knolls,2014,386308.2738,4.87,neighborhood,All Homes,47934,49190.571428571435,San Francisco,37.75858789999999,-122.4594622
70,118,Forest Knolls,2015,436464.947,12.98,neighborhood,All Homes,61497,49190.571428571435,San Francisco,37.75858789999999,-122.4594622
71,119,Forest Knolls,2016,458681.983,5.09,neighborhood,All Homes,61292,49190.571428571435,San Francisco,37.75858789999999,-122.4594622
72,124,Glen Park,2011,278990.8786,3.21,neighborhood,All Homes,39661,48925.0,San Francisco,37.73777150000001,-122.4321041
73,125,Glen Park,2012,293963.951,5.37,neighborhood,All Homes,38692,48925.0,San Francisco,37.73777150000001,-122.4321041
74,126,Glen Park,2013,306351.1534,4.21,neighborhood,All Homes,40460,48925.0,San Francisco,37.73777150000001,-122.4321041
75,127,Glen Park,2014,325954.5017,6.4,neighborhood,All Homes,46253,48925.0,San Francisco,37.73777150000001,-122.4321041
76,128,Glen Park,2015,356082.1638,9.24,neighborhood,All Homes,58964,48925.0,San Francisco,37.73777150000001,-122.4321041
77,129,Glen Park,2016,384803.5299,8.07,neighborhood,All Homes,61949,48925.0,San Francisco,37.73777150000001,-122.4321041
78,134,Golden Gate Heights,2011,254303.9838,3.75,neighborhood,All Homes,41205,49545.142857142855,San Francisco,37.7527187,-122.47078390000001
79,135,Golden Gate Heights,2012,265229.5062,4.3,neighborhood,All Homes,39673,49545.142857142855,San Francisco,37.7527187,-122.47078390000001
80,136,Golden Gate Heights,2013,277620.4677,4.67,neighborhood,All Homes,41132,49545.142857142855,San Francisco,37.7527187,-122.47078390000001
81,137,Golden Gate Heights,2014,299835.4945,8.0,neighborhood,All Homes,47530,49545.142857142855,San Francisco,37.7527187,-122.47078390000001
82,138,Golden Gate Heights,2015,317901.8786,6.03,neighborhood,All Homes,56869,49545.142857142855,San Francisco,37.7527187,-122.47078390000001
83,139,Golden Gate Heights,2016,341101.3004,7.3,neighborhood,All Homes,62153,49545.142857142855,San Francisco,37.7527187,-122.47078390000001
84,144,Haight,2011,349530.7092,4.28,neighborhood,All Homes,40705,51429.857142857145,San Francisco,37.769220399999995,-122.4481393
85,145,Haight,2012,364659.515,4.33,neighborhood,All Homes,43470,51429.857142857145,San Francisco,37.769220399999995,-122.4481393
86,146,Haight,2013,381530.1707,4.63,neighborhood,All Homes,46185,51429.857142857145,San Francisco,37.769220399999995,-122.4481393
87,147,Haight,2014,392435.2274,2.86,neighborhood,All Homes,51620,51429.857142857145,San Francisco,37.769220399999995,-122.4481393
88,148,Haight,2015,412984.5051,5.24,neighborhood,All Homes,59076,51429.857142857145,San Francisco,37.769220399999995,-122.4481393
89,149,Haight,2016,440229.3614,6.6,neighborhood,All Homes,61462,51429.857142857145,San Francisco,37.769220399999995,-122.4481393
90,154,Hayes Valley,2011,372836.3652,3.25,neighborhood,All Homes,37659,49408.428571428565,San Francisco,37.7759073,-122.42452469999999
91,155,Hayes Valley,2012,393870.3295,5.64,neighborhood,All Homes,42695,49408.428571428565,San Francisco,37.7759073,-122.42452469999999
92,156,Hayes Valley,2013,407516.0491,3.46,neighborhood,All Homes,45522,49408.428571428565,San Francisco,37.7759073,-122.42452469999999
93,157,Hayes Valley,2014,379618.8083,-6.85,neighborhood,All Homes,50234,49408.428571428565,San Francisco,37.7759073,-122.42452469999999
94,158,Hayes Valley,2015,449677.9712,18.46,neighborhood,All Homes,57185,49408.428571428565,San Francisco,37.7759073,-122.42452469999999
95,159,Hayes Valley,2016,471214.6869,4.79,neighborhood,All Homes,57397,49408.428571428565,San Francisco,37.7759073,-122.42452469999999
96,164,Ingleside,2011,239158.2667333333,4.34,neighborhood,All Homes,30815,37983.0,San Francisco,37.7198213,-122.4538009
97,165,Ingleside,2012,248713.31630000003,4.0,neighborhood,All Homes,30007,37983.0,San Francisco,37.7198213,-122.4538009
98,166,Ingleside,2013,252314.54823333336,1.45,neighborhood,All Homes,32206,37983.0,San Francisco,37.7198213,-122.4538009
99,167,Ingleside,2014,273572.54366666666,8.43,neighborhood,All Homes,36867,37983.0,San Francisco,37.7198213,-122.4538009
100,168,Ingleside,2015,292443.7447333333,6.9,neighborhood,All Homes,44021,37983.0,San Francisco,37.7198213,-122.4538009
101,169,Ingleside,2016,312330.7976333333,6.8,neighborhood,All Homes,47426,37983.0,San Francisco,37.7198213,-122.4538009
102,174,Ingleside Heights,2011,163219.4491,-4.76,neighborhood,All Homes,29344,36201.142857142855,San Francisco,37.7130811,-122.46795359999999
103,175,Ingleside Heights,2012,177093.0141,8.5,neighborhood,All Homes,29281,36201.142857142855,San Francisco,37.7130811,-122.46795359999999
104,176,Ingleside Heights,2013,178849.6583,0.99,neighborhood,All Homes,30830,36201.142857142855,San Francisco,37.7130811,-122.46795359999999
105,177,Ingleside Heights,2014,201744.6323,12.8,neighborhood,All Homes,35377,36201.142857142855,San Francisco,37.7130811,-122.46795359999999
106,178,Ingleside Heights,2015,215651.0776,6.89,neighborhood,All Homes,42041,36201.142857142855,San Francisco,37.7130811,-122.46795359999999
107,179,Ingleside Heights,2016,224515.8526,4.11,neighborhood,All Homes,44217,36201.142857142855,San Francisco,37.7130811,-122.46795359999999
108,184,Ingleside Terrace,2011,275703.4462,3.3,neighborhood,All Homes,42007,50859.285714285725,San Francisco,37.7198213,-122.4538009
109,185,Ingleside Terrace,2012,285441.2513,3.53,neighborhood,All Homes,39465,50859.285714285725,San Francisco,37.7198213,-122.4538009
110,186,Ingleside Terrace,2013,299835.2011,5.04,neighborhood,All Homes,40905,50859.285714285725,San Francisco,37.7198213,-122.4538009
111,187,Ingleside Terrace,2014,326934.7708,9.04,neighborhood,All Homes,48414,50859.285714285725,San Francisco,37.7198213,-122.4538009
112,188,Ingleside Terrace,2015,351266.2936,7.44,neighborhood,All Homes,59744,50859.285714285725,San Francisco,37.7198213,-122.4538009
113,189,Ingleside Terrace,2016,384685.4303,9.51,neighborhood,All Homes,64533,50859.285714285725,San Francisco,37.7198213,-122.4538009
114,194,Inner Richmond,2011,315388.5407,3.0,neighborhood,All Homes,42140,54289.714285714275,San Francisco,37.7798704,-122.46474579999999
115,195,Inner Richmond,2012,329123.8744,4.36,neighborhood,All Homes,42804,54289.714285714275,San Francisco,37.7798704,-122.46474579999999
116,196,Inner Richmond,2013,341393.6116,3.73,neighborhood,All Homes,46078,54289.714285714275,San Francisco,37.7798704,-122.46474579999999
117,197,Inner Richmond,2014,354023.499,3.7,neighborhood,All Homes,54086,54289.714285714275,San Francisco,37.7798704,-122.46474579999999
118,198,Inner Richmond,2015,377333.1462,6.58,neighborhood,All Homes,64403,54289.714285714275,San Francisco,37.7798704,-122.46474579999999
119,199,Inner Richmond,2016,400669.6681,6.18,neighborhood,All Homes,67152,54289.714285714275,San Francisco,37.7798704,-122.46474579999999
120,204,Inner Sunset,2011,349438.7811,5.15,neighborhood,All Homes,38809,47394.571428571435,San Francisco,37.7607369,-122.46795359999999
121,205,Inner Sunset,2012,370779.07830000005,6.11,neighborhood,All Homes,38314,47394.571428571435,San Francisco,37.7607369,-122.46795359999999
122,206,Inner Sunset,2013,388277.15445,4.72,neighborhood,All Homes,39644,47394.571428571435,San Francisco,37.7607369,-122.46795359999999
123,207,Inner Sunset,2014,406087.96985,4.59,neighborhood,All Homes,46726,47394.571428571435,San Francisco,37.7607369,-122.46795359999999
124,208,Inner Sunset,2015,425286.38645,4.73,neighborhood,All Homes,54878,47394.571428571435,San Francisco,37.7607369,-122.46795359999999
125,209,Inner Sunset,2016,450503.3374,5.93,neighborhood,All Homes,58611,47394.571428571435,San Francisco,37.7607369,-122.46795359999999
126,214,Lake,2011,407700.7178,3.65,neighborhood,All Homes,53120,65995.0,San Francisco,37.7226724,-122.4948384
127,215,Lake,2012,422759.6655,3.69,neighborhood,All Homes,50271,65995.0,San Francisco,37.7226724,-122.4948384
128,216,Lake,2013,438877.499,3.81,neighborhood,All Homes,55084,65995.0,San Francisco,37.7226724,-122.4948384
129,217,Lake,2014,464123.5151,5.75,neighborhood,All Homes,64645,65995.0,San Francisco,37.7226724,-122.4948384
130,218,Lake,2015,492922.7314,6.21,neighborhood,All Homes,77554,65995.0,San Francisco,37.7226724,-122.4948384
131,219,Lake,2016,525258.7667,6.56,neighborhood,All Homes,80636,65995.0,San Francisco,37.7226724,-122.4948384
132,224,Lakeshore,2012,336250.244,9.12,neighborhood,All Homes,34822,43891.42857142857,San Francisco,37.7233167,-122.4886792
133,225,Lakeshore,2013,344243.1678,2.38,neighborhood,All Homes,37181,43891.42857142857,San Francisco,37.7233167,-122.4886792
134,226,Lakeshore,2014,358644.4914,4.18,neighborhood,All Homes,42678,43891.42857142857,San Francisco,37.7233167,-122.4886792
135,227,Lakeshore,2015,383652.2731,6.97,neighborhood,All Homes,49551,43891.42857142857,San Francisco,37.7233167,-122.4886792
136,228,Lakeshore,2016,405115.5616,5.59,neighborhood,All Homes,54499,43891.42857142857,San Francisco,37.7233167,-122.4886792
137,233,Laurel Heights,2011,454561.2622,26.05,neighborhood,All Homes,53096,68930.71428571429,San Francisco,37.7850214,-122.45097009999999
138,234,Laurel Heights,2012,395073.1498,-13.09,neighborhood,All Homes,52995,68930.71428571429,San Francisco,37.7850214,-122.45097009999999
139,235,Laurel Heights,2013,412894.10645,4.51,neighborhood,All Homes,58366,68930.71428571429,San Francisco,37.7850214,-122.45097009999999
140,236,Laurel Heights,2014,430869.3397,4.35,neighborhood,All Homes,65464,68930.71428571429,San Francisco,37.7850214,-122.45097009999999
141,237,Laurel Heights,2015,458439.30045,6.4,neighborhood,All Homes,83258,68930.71428571429,San Francisco,37.7850214,-122.45097009999999
142,238,Laurel Heights,2016,487080.05315,6.25,neighborhood,All Homes,86230,68930.71428571429,San Francisco,37.7850214,-122.45097009999999
143,243,Lone Mountain,2011,294906.8282,3.75,neighborhood,All Homes,40284,51834.571428571435,San Francisco,37.7938181,-122.4644162
144,244,Lone Mountain,2012,302922.1563,2.72,neighborhood,All Homes,42581,51834.571428571435,San Francisco,37.7938181,-122.4644162
145,245,Lone Mountain,2013,316340.9248,4.43,neighborhood,All Homes,45762,51834.571428571435,San Francisco,37.7938181,-122.4644162
146,246,Lone Mountain,2014,329790.6164,4.25,neighborhood,All Homes,50898,51834.571428571435,San Francisco,37.7938181,-122.4644162
147,247,Lone Mountain,2015,357248.3026,8.33,neighborhood,All Homes,59236,51834.571428571435,San Francisco,37.7938181,-122.4644162
148,248,Lone Mountain,2016,382272.3672,7.0,neighborhood,All Homes,63177,51834.571428571435,San Francisco,37.7938181,-122.4644162
149,253,Lower Pacific Heights,2011,363644.6572,2.29,neighborhood,All Homes,35917,47360.428571428565,San Francisco,37.786997,-122.43681509999999
150,254,Lower Pacific Heights,2012,387242.3637,6.49,neighborhood,All Homes,39761,47360.428571428565,San Francisco,37.786997,-122.43681509999999
151,255,Lower Pacific Heights,2013,405723.4927,4.77,neighborhood,All Homes,43776,47360.428571428565,San Francisco,37.786997,-122.43681509999999
152,256,Lower Pacific Heights,2014,432758.5834,6.66,neighborhood,All Homes,48677,47360.428571428565,San Francisco,37.786997,-122.43681509999999
153,257,Lower Pacific Heights,2015,464476.0389,7.33,neighborhood,All Homes,56145,47360.428571428565,San Francisco,37.786997,-122.43681509999999
154,258,Lower Pacific Heights,2016,467876.8123,0.73,neighborhood,All Homes,54229,47360.428571428565,San Francisco,37.786997,-122.43681509999999
155,263,Marina,2011,522087.5285,2.19,neighborhood,All Homes,51035,65487.142857142855,San Francisco,37.8036667,-122.43681509999999
156,264,Marina,2012,551994.8401,5.73,neighborhood,All Homes,52040,65487.142857142855,San Francisco,37.8036667,-122.43681509999999
157,265,Marina,2013,575636.1819,4.28,neighborhood,All Homes,58240,65487.142857142855,San Francisco,37.8036667,-122.43681509999999
158,266,Marina,2014,605052.6869,5.11,neighborhood,All Homes,63926,65487.142857142855,San Francisco,37.8036667,-122.43681509999999
159,267,Marina,2015,646166.9172,6.8,neighborhood,All Homes,77660,65487.142857142855,San Francisco,37.8036667,-122.43681509999999
160,268,Marina,2016,682746.053,5.66,neighborhood,All Homes,79339,65487.142857142855,San Francisco,37.8036667,-122.43681509999999
161,273,Midtown Terrace,2011,233368.422,6.45,neighborhood,All Homes,35627,44973.428571428565,San Francisco,37.75080139999999,-122.4538009
162,274,Midtown Terrace,2012,244991.5694,4.98,neighborhood,All Homes,37669,44973.428571428565,San Francisco,37.75080139999999,-122.4538009
163,275,Midtown Terrace,2013,258931.2434,5.69,neighborhood,All Homes,39682,44973.428571428565,San Francisco,37.75080139999999,-122.4538009
164,276,Midtown Terrace,2014,264509.4301,2.15,neighborhood,All Homes,44805,44973.428571428565,San Francisco,37.75080139999999,-122.4538009
165,277,Midtown Terrace,2015,281078.9744,6.26,neighborhood,All Homes,52528,44973.428571428565,San Francisco,37.75080139999999,-122.4538009
166,278,Midtown Terrace,2016,301071.0631,7.11,neighborhood,All Homes,53875,44973.428571428565,San Francisco,37.75080139999999,-122.4538009
167,283,Miraloma Park,2011,255138.5987,3.45,neighborhood,All Homes,37254,45220.0,San Francisco,37.7403241,-122.44477749999999
168,284,Miraloma Park,2012,266743.2154,4.55,neighborhood,All Homes,36974,45220.0,San Francisco,37.7403241,-122.44477749999999
169,285,Miraloma Park,2013,277421.585,4.0,neighborhood,All Homes,38700,45220.0,San Francisco,37.7403241,-122.44477749999999
170,286,Miraloma Park,2014,289635.1118,4.4,neighborhood,All Homes,44368,45220.0,San Francisco,37.7403241,-122.44477749999999
171,287,Miraloma Park,2015,310667.5038,7.26,neighborhood,All Homes,52094,45220.0,San Francisco,37.7403241,-122.44477749999999
172,288,Miraloma Park,2016,340174.7562,9.5,neighborhood,All Homes,54622,45220.0,San Francisco,37.7403241,-122.44477749999999
173,293,Mission,2011,316128.3238,3.52,neighborhood,All Homes,36022,47790.571428571435,San Francisco,37.759864799999995,-122.4147977
174,294,Mission,2012,335303.00639999995,6.07,neighborhood,All Homes,40006,47790.571428571435,San Francisco,37.759864799999995,-122.4147977
175,295,Mission,2013,350458.90135,4.52,neighborhood,All Homes,43726,47790.571428571435,San Francisco,37.759864799999995,-122.4147977
176,296,Mission,2014,359166.8313,2.48,neighborhood,All Homes,48227,47790.571428571435,San Francisco,37.759864799999995,-122.4147977
177,297,Mission,2015,371507.45055,3.44,neighborhood,All Homes,56321,47790.571428571435,San Francisco,37.759864799999995,-122.4147977
178,298,Mission,2016,410590.10785,10.52,neighborhood,All Homes,55704,47790.571428571435,San Francisco,37.759864799999995,-122.4147977
179,303,Mission Bay,2011,604300.2493,-12.85,neighborhood,All Homes,40279,52953.857142857145,San Francisco,37.7730963,-122.39292250000001
180,304,Mission Bay,2012,674416.1809,11.6,neighborhood,All Homes,43564,52953.857142857145,San Francisco,37.7730963,-122.39292250000001
181,305,Mission Bay,2013,699480.2239,3.72,neighborhood,All Homes,50659,52953.857142857145,San Francisco,37.7730963,-122.39292250000001
182,306,Mission Bay,2014,715110.8371,2.23,neighborhood,All Homes,54253,52953.857142857145,San Francisco,37.7730963,-122.39292250000001
183,307,Mission Bay,2015,721135.3245,0.84,neighborhood,All Homes,61977,52953.857142857145,San Francisco,37.7730963,-122.39292250000001
184,308,Mission Bay,2016,787160.1115,9.16,neighborhood,All Homes,61331,52953.857142857145,San Francisco,37.7730963,-122.39292250000001
185,313,Mission Terrace,2011,188918.267,5.09,neighborhood,All Homes,32045,39990.142857142855,San Francisco,37.7245693,-122.44335729999999
186,314,Mission Terrace,2012,199253.6315,5.47,neighborhood,All Homes,31446,39990.142857142855,San Francisco,37.7245693,-122.44335729999999
187,315,Mission Terrace,2013,202730.811,1.75,neighborhood,All Homes,33452,39990.142857142855,San Francisco,37.7245693,-122.44335729999999
188,316,Mission Terrace,2014,214961.8658,6.03,neighborhood,All Homes,37844,39990.142857142855,San Francisco,37.7245693,-122.44335729999999
189,317,Mission Terrace,2015,228188.0636,6.15,neighborhood,All Homes,46263,39990.142857142855,San Francisco,37.7245693,-122.44335729999999
190,318,Mission Terrace,2016,245679.0981,7.67,neighborhood,All Homes,50034,39990.142857142855,San Francisco,37.7245693,-122.44335729999999
191,323,Mount Davidson Manor,2011,269055.2947,3.42,neighborhood,All Homes,36736,45606.285714285725,San Francisco,37.7283105,-122.4630004
192,324,Mount Davidson Manor,2012,277229.4342,3.04,neighborhood,All Homes,36010,45606.285714285725,San Francisco,37.7283105,-122.4630004
193,325,Mount Davidson Manor,2013,287712.9671,3.78,neighborhood,All Homes,37598,45606.285714285725,San Francisco,37.7283105,-122.4630004
194,326,Mount Davidson Manor,2014,310353.1152,7.87,neighborhood,All Homes,44049,45606.285714285725,San Francisco,37.7283105,-122.4630004
195,327,Mount Davidson Manor,2015,328636.8571,5.89,neighborhood,All Homes,53196,45606.285714285725,San Francisco,37.7283105,-122.4630004
196,328,Mount Davidson Manor,2016,347610.4728,5.77,neighborhood,All Homes,56955,45606.285714285725,San Francisco,37.7283105,-122.4630004
197,333,Nob Hill,2011,435408.8353,1.84,neighborhood,All Homes,42413,53532.142857142855,San Francisco,37.793014,-122.416113
198,334,Nob Hill,2012,466587.2904,7.16,neighborhood,All Homes,44622,53532.142857142855,San Francisco,37.793014,-122.416113
199,335,Nob Hill,2013,492819.943,5.62,neighborhood,All Homes,48324,53532.142857142855,San Francisco,37.793014,-122.416113
200,336,Nob Hill,2014,487947.6774,-0.99,neighborhood,All Homes,51749,53532.142857142855,San Francisco,37.793014,-122.416113
201,337,Nob Hill,2015,546256.2334,11.95,neighborhood,All Homes,62760,53532.142857142855,San Francisco,37.793014,-122.416113
202,338,Nob Hill,2016,586126.2838,7.3,neighborhood,All Homes,64219,53532.142857142855,San Francisco,37.793014,-122.416113
203,343,Noe Valley,2011,364676.2066,5.58,neighborhood,All Homes,44162,55553.857142857145,San Francisco,37.750237799999994,-122.43370290000001
204,344,Noe Valley,2012,384978.464,5.57,neighborhood,All Homes,44754,55553.857142857145,San Francisco,37.750237799999994,-122.43370290000001
205,345,Noe Valley,2013,408274.7054,6.05,neighborhood,All Homes,49995,55553.857142857145,San Francisco,37.750237799999994,-122.43370290000001
206,346,Noe Valley,2014,426430.8592,4.45,neighborhood,All Homes,53547,55553.857142857145,San Francisco,37.750237799999994,-122.43370290000001
207,347,Noe Valley,2015,459559.7818,7.77,neighborhood,All Homes,64871,55553.857142857145,San Francisco,37.750237799999994,-122.43370290000001
208,348,Noe Valley,2016,498960.2468,8.57,neighborhood,All Homes,67293,55553.857142857145,San Francisco,37.750237799999994,-122.43370290000001
209,353,North Beach,2011,352989.8129,-1.08,neighborhood,All Homes,37995,49737.571428571435,San Francisco,37.8060532,-122.4103311
210,354,North Beach,2012,375693.3614,6.43,neighborhood,All Homes,41975,49737.571428571435,San Francisco,37.8060532,-122.4103311
211,355,North Beach,2013,406872.9404,8.3,neighborhood,All Homes,47594,49737.571428571435,San Francisco,37.8060532,-122.4103311
212,356,North Beach,2014,422114.1781,3.75,neighborhood,All Homes,49460,49737.571428571435,San Francisco,37.8060532,-122.4103311
213,357,North Beach,2015,446399.6728,5.75,neighborhood,All Homes,58693,49737.571428571435,San Francisco,37.8060532,-122.4103311
214,358,North Beach,2016,463071.9121,3.73,neighborhood,All Homes,57787,49737.571428571435,San Francisco,37.8060532,-122.4103311
215,363,North Waterfront,2011,867270.2109999999,18.06,neighborhood,All Homes,34702,45752.428571428565,San Francisco,37.7993601,-122.39738500000001
216,364,North Waterfront,2012,791237.8861,-8.77,neighborhood,All Homes,38590,45752.428571428565,San Francisco,37.7993601,-122.39738500000001
217,365,North Waterfront,2013,840680.3658,6.25,neighborhood,All Homes,44866,45752.428571428565,San Francisco,37.7993601,-122.39738500000001
218,366,North Waterfront,2014,898735.4734,6.91,neighborhood,All Homes,45927,45752.428571428565,San Francisco,37.7993601,-122.39738500000001
219,367,North Waterfront,2015,953461.6494,6.09,neighborhood,All Homes,52775,45752.428571428565,San Francisco,37.7993601,-122.39738500000001
220,368,North Waterfront,2016,1007685.774,5.69,neighborhood,All Homes,53171,45752.428571428565,San Francisco,37.7993601,-122.39738500000001
221,373,Oceanview,2011,176591.4539,4.59,neighborhood,All Homes,30397,37113.0,San Francisco,37.714182799999996,-122.4566316
222,374,Oceanview,2012,175341.3829,-0.71,neighborhood,All Homes,29645,37113.0,San Francisco,37.714182799999996,-122.4566316
223,375,Oceanview,2013,177657.8646,1.32,neighborhood,All Homes,31425,37113.0,San Francisco,37.714182799999996,-122.4566316
224,376,Oceanview,2014,196400.3615,10.55,neighborhood,All Homes,36191,37113.0,San Francisco,37.714182799999996,-122.4566316
225,377,Oceanview,2015,211261.2053,7.57,neighborhood,All Homes,42631,37113.0,San Francisco,37.714182799999996,-122.4566316
226,378,Oceanview,2016,219116.4343,3.72,neighborhood,All Homes,46151,37113.0,San Francisco,37.714182799999996,-122.4566316
227,383,Outer Mission,2011,174518.417,11.76,neighborhood,All Homes,30807,37641.57142857143,San Francisco,37.71567770000001,-122.44579109999998
228,384,Outer Mission,2012,168127.7792,-3.66,neighborhood,All Homes,29746,37641.57142857143,San Francisco,37.71567770000001,-122.44579109999998
229,385,Outer Mission,2013,171285.4875,1.88,neighborhood,All Homes,32378,37641.57142857143,San Francisco,37.71567770000001,-122.44579109999998
230,386,Outer Mission,2014,181897.072,6.2,neighborhood,All Homes,35883,37641.57142857143,San Francisco,37.71567770000001,-122.44579109999998
231,387,Outer Mission,2015,196490.7482,8.02,neighborhood,All Homes,43435,37641.57142857143,San Francisco,37.71567770000001,-122.44579109999998
232,388,Outer Mission,2016,211233.8943,7.5,neighborhood,All Homes,46788,37641.57142857143,San Francisco,37.71567770000001,-122.44579109999998
233,393,Outer Richmond,2011,265739.575,3.46,neighborhood,All Homes,33598,43421.57142857143,San Francisco,37.777677000000004,-122.49531
234,394,Outer Richmond,2012,276446.7802,4.03,neighborhood,All Homes,35080,43421.57142857143,San Francisco,37.777677000000004,-122.49531
235,395,Outer Richmond,2013,287850.26245000004,4.13,neighborhood,All Homes,37893,43421.57142857143,San Francisco,37.777677000000004,-122.49531
236,396,Outer Richmond,2014,302303.6353,5.02,neighborhood,All Homes,44089,43421.57142857143,San Francisco,37.777677000000004,-122.49531
237,397,Outer Richmond,2015,321791.82555,6.45,neighborhood,All Homes,49632,43421.57142857143,San Francisco,37.777677000000004,-122.49531
238,398,Outer Richmond,2016,343627.0819,6.79,neighborhood,All Homes,53234,43421.57142857143,San Francisco,37.777677000000004,-122.49531
239,403,Outer Sunset,2011,240070.70383333327,5.2,neighborhood,All Homes,31582,40337.42857142857,San Francisco,37.7467314,-122.4863492
240,404,Outer Sunset,2012,251317.38556666663,4.68,neighborhood,All Homes,32118,40337.42857142857,San Francisco,37.7467314,-122.4863492
241,405,Outer Sunset,2013,257420.9566333333,2.43,neighborhood,All Homes,35341,40337.42857142857,San Francisco,37.7467314,-122.4863492
242,406,Outer Sunset,2014,270013.493,4.89,neighborhood,All Homes,40952,40337.42857142857,San Francisco,37.7467314,-122.4863492
243,407,Outer Sunset,2015,286838.03453333327,6.23,neighborhood,All Homes,46329,40337.42857142857,San Francisco,37.7467314,-122.4863492
244,408,Outer Sunset,2016,304274.83126666665,6.08,neighborhood,All Homes,49051,40337.42857142857,San Francisco,37.7467314,-122.4863492
245,413,Pacific Heights,2011,738431.5547,3.56,neighborhood,All Homes,52744,63692.857142857145,San Francisco,37.7925153,-122.4382307
246,414,Pacific Heights,2012,792592.6364,7.33,neighborhood,All Homes,52688,63692.857142857145,San Francisco,37.7925153,-122.4382307
247,415,Pacific Heights,2013,852976.2592,7.62,neighborhood,All Homes,55809,63692.857142857145,San Francisco,37.7925153,-122.4382307
248,416,Pacific Heights,2014,901497.2196,5.69,neighborhood,All Homes,60294,63692.857142857145,San Francisco,37.7925153,-122.4382307
249,417,Pacific Heights,2015,956476.8806,6.1,neighborhood,All Homes,76171,63692.857142857145,San Francisco,37.7925153,-122.4382307
250,418,Pacific Heights,2016,987893.5624,3.28,neighborhood,All Homes,77006,63692.857142857145,San Francisco,37.7925153,-122.4382307
251,423,Panhandle,2011,354035.7696,2.45,neighborhood,All Homes,37596,48989.428571428565,San Francisco,37.77243789999999,-122.44628529999999
252,424,Panhandle,2012,369119.6914,4.26,neighborhood,All Homes,42397,48989.428571428565,San Francisco,37.77243789999999,-122.44628529999999
253,425,Panhandle,2013,385701.7195,4.49,neighborhood,All Homes,44105,48989.428571428565,San Francisco,37.77243789999999,-122.44628529999999
254,426,Panhandle,2014,400093.4951,3.73,neighborhood,All Homes,49299,48989.428571428565,San Francisco,37.77243789999999,-122.44628529999999
255,427,Panhandle,2015,414896.4454,3.7,neighborhood,All Homes,56483,48989.428571428565,San Francisco,37.77243789999999,-122.44628529999999
256,428,Panhandle,2016,440789.0982,6.24,neighborhood,All Homes,57848,48989.428571428565,San Francisco,37.77243789999999,-122.44628529999999
257,433,Parkside,2011,224658.50536666668,-4.41,neighborhood,All Homes,33088,41770.0,San Francisco,37.733048,-122.4785669
258,434,Parkside,2012,258535.3925,15.08,neighborhood,All Homes,33713,41770.0,San Francisco,37.733048,-122.4785669
259,435,Parkside,2013,264076.677825,2.14,neighborhood,All Homes,36523,41770.0,San Francisco,37.733048,-122.4785669
260,436,Parkside,2014,282159.75955,6.85,neighborhood,All Homes,41617,41770.0,San Francisco,37.733048,-122.4785669
261,437,Parkside,2015,303257.9124,7.48,neighborhood,All Homes,47293,41770.0,San Francisco,37.733048,-122.4785669
262,438,Parkside,2016,318989.401325,5.19,neighborhood,All Homes,50989,41770.0,San Francisco,37.733048,-122.4785669
263,443,Portola,2011,167100.0389,6.63,neighborhood,All Homes,31881,38861.57142857143,San Francisco,37.7297408,-122.4099154
264,444,Portola,2012,173653.9359,3.92,neighborhood,All Homes,30348,38861.57142857143,San Francisco,37.7297408,-122.4099154
265,445,Portola,2013,177071.8474,1.97,neighborhood,All Homes,32281,38861.57142857143,San Francisco,37.7297408,-122.4099154
266,446,Portola,2014,189498.6362,7.02,neighborhood,All Homes,36471,38861.57142857143,San Francisco,37.7297408,-122.4099154
267,447,Portola,2015,206163.9671,8.79,neighborhood,All Homes,44678,38861.57142857143,San Francisco,37.7297408,-122.4099154
268,448,Portola,2016,219848.7246,6.64,neighborhood,All Homes,48789,38861.57142857143,San Francisco,37.7297408,-122.4099154
269,453,Potrero Hill,2011,291831.764,-2.98,neighborhood,All Homes,36907,48378.857142857145,San Francisco,37.7604929,-122.400869
270,454,Potrero Hill,2012,341400.1773,16.99,neighborhood,All Homes,39975,48378.857142857145,San Francisco,37.7604929,-122.400869
271,455,Potrero Hill,2013,361447.0793,5.87,neighborhood,All Homes,43740,48378.857142857145,San Francisco,37.7604929,-122.400869
272,456,Potrero Hill,2014,372428.4044,3.04,neighborhood,All Homes,48146,48378.857142857145,San Francisco,37.7604929,-122.400869
273,457,Potrero Hill,2015,428737.1551,15.12,neighborhood,All Homes,57273,48378.857142857145,San Francisco,37.7604929,-122.400869
274,458,Potrero Hill,2016,461504.52200000006,7.64,neighborhood,All Homes,57852,48378.857142857145,San Francisco,37.7604929,-122.400869
275,463,Presidio Heights,2011,1038974.801,5.16,neighborhood,All Homes,127688,156626.42857142858,San Francisco,37.7889125,-122.4538009
276,464,Presidio Heights,2012,1092905.902,5.19,neighborhood,All Homes,123665,156626.42857142858,San Francisco,37.7889125,-122.4538009
277,465,Presidio Heights,2013,1179676.281,7.94,neighborhood,All Homes,139274,156626.42857142858,San Francisco,37.7889125,-122.4538009
278,466,Presidio Heights,2014,1241499.113,5.24,neighborhood,All Homes,151423,156626.42857142858,San Francisco,37.7889125,-122.4538009
279,467,Presidio Heights,2015,1321622.24,6.45,neighborhood,All Homes,177832,156626.42857142858,San Francisco,37.7889125,-122.4538009
280,468,Presidio Heights,2016,1397364.253,5.73,neighborhood,All Homes,193510,156626.42857142858,San Francisco,37.7889125,-122.4538009
281,473,Russian Hill,2011,333741.9055,3.42,neighborhood,All Homes,44766,56280.285714285725,San Francisco,37.8010963,-122.4195558
282,474,Russian Hill,2012,352595.9222,5.65,neighborhood,All Homes,46269,56280.285714285725,San Francisco,37.8010963,-122.4195558
283,475,Russian Hill,2013,374482.0945,6.21,neighborhood,All Homes,51547,56280.285714285725,San Francisco,37.8010963,-122.4195558
284,476,Russian Hill,2014,397200.0119,6.07,neighborhood,All Homes,55759,56280.285714285725,San Francisco,37.8010963,-122.4195558
285,477,Russian Hill,2015,422653.2595,6.41,neighborhood,All Homes,65678,56280.285714285725,San Francisco,37.8010963,-122.4195558
286,478,Russian Hill,2016,452017.9104,6.95,neighborhood,All Homes,66790,56280.285714285725,San Francisco,37.8010963,-122.4195558
287,483,Seacliff,2011,939279.7143,5.76,neighborhood,All Homes,101636,126179.42857142855,San Francisco,37.785940999999994,-122.4907
288,484,Seacliff,2012,992049.9082,5.62,neighborhood,All Homes,95365,126179.42857142855,San Francisco,37.785940999999994,-122.4907
289,485,Seacliff,2013,1057670.331,6.61,neighborhood,All Homes,108971,126179.42857142855,San Francisco,37.785940999999994,-122.4907
290,486,Seacliff,2014,1110278.738,4.97,neighborhood,All Homes,118992,126179.42857142855,San Francisco,37.785940999999994,-122.4907
291,487,Seacliff,2015,1188811.174,7.07,neighborhood,All Homes,150193,126179.42857142855,San Francisco,37.785940999999994,-122.4907
292,488,Seacliff,2016,1265560.922,6.46,neighborhood,All Homes,160275,126179.42857142855,San Francisco,37.785940999999994,-122.4907
293,493,Silver Terrace,2011,136227.09,5.44,neighborhood,All Homes,30945,37670.142857142855,San Francisco,37.7332209,-122.3985871
294,494,Silver Terrace,2012,141235.4197,3.68,neighborhood,All Homes,29512,37670.142857142855,San Francisco,37.7332209,-122.3985871
295,495,Silver Terrace,2013,145892.1247,3.3,neighborhood,All Homes,31076,37670.142857142855,San Francisco,37.7332209,-122.3985871
296,496,Silver Terrace,2014,156108.90300000002,7.0,neighborhood,All Homes,36568,37670.142857142855,San Francisco,37.7332209,-122.3985871
297,497,Silver Terrace,2015,172165.3945,10.29,neighborhood,All Homes,43563,37670.142857142855,San Francisco,37.7332209,-122.3985871
298,498,Silver Terrace,2016,180875.1939,5.06,neighborhood,All Homes,46207,37670.142857142855,San Francisco,37.7332209,-122.3985871
299,503,South Beach,2011,746173.0264,0.86,neighborhood,All Homes,39710,49999.142857142855,San Francisco,37.7835826,-122.38990659999999
300,504,South Beach,2012,766689.3017,2.75,neighborhood,All Homes,41019,49999.142857142855,San Francisco,37.7835826,-122.38990659999999
301,505,South Beach,2013,810870.5131,5.76,neighborhood,All Homes,47255,49999.142857142855,San Francisco,37.7835826,-122.38990659999999
302,506,South Beach,2014,856342.5791,5.61,neighborhood,All Homes,51133,49999.142857142855,San Francisco,37.7835826,-122.38990659999999
303,507,South Beach,2015,881493.1295,2.94,neighborhood,All Homes,58609,49999.142857142855,San Francisco,37.7835826,-122.38990659999999
304,508,South Beach,2016,851302.5329,-3.42,neighborhood,All Homes,57475,49999.142857142855,San Francisco,37.7835826,-122.38990659999999
305,513,South of Market,2011,573793.1216,1.26,neighborhood,All Homes,34134,43938.0,San Francisco,37.7785189,-122.4056395
306,514,South of Market,2012,598292.0061,4.27,neighborhood,All Homes,37410,43938.0,San Francisco,37.7785189,-122.4056395
307,515,South of Market,2013,635932.4941,6.29,neighborhood,All Homes,40589,43938.0,San Francisco,37.7785189,-122.4056395
308,516,South of Market,2014,678027.1441,6.62,neighborhood,All Homes,45420,43938.0,San Francisco,37.7785189,-122.4056395
309,517,South of Market,2015,718875.0129999998,6.02,neighborhood,All Homes,51266,43938.0,San Francisco,37.7785189,-122.4056395
310,518,South of Market,2016,773699.7478,7.63,neighborhood,All Homes,50702,43938.0,San Francisco,37.7785189,-122.4056395
311,523,St. Francis Wood,2011,600297.2011,4.49,neighborhood,All Homes,69361,83286.28571428571,San Francisco,37.7377845,-122.46512320000001
312,524,St. Francis Wood,2012,625627.2486,4.22,neighborhood,All Homes,65532,83286.28571428571,San Francisco,37.7377845,-122.46512320000001
313,525,St. Francis Wood,2013,646705.5291,3.37,neighborhood,All Homes,68816,83286.28571428571,San Francisco,37.7377845,-122.46512320000001
314,526,St. Francis Wood,2014,686724.7509,6.19,neighborhood,All Homes,72159,83286.28571428571,San Francisco,37.7377845,-122.46512320000001
315,527,St. Francis Wood,2015,719641.9783,4.79,neighborhood,All Homes,94538,83286.28571428571,San Francisco,37.7377845,-122.46512320000001
316,528,St. Francis Wood,2016,776783.9384,7.94,neighborhood,All Homes,105237,83286.28571428571,San Francisco,37.7377845,-122.46512320000001
317,533,Stonestown,2012,2245683.7830000003,2.8,neighborhood,All Homes,37921,47815.0,San Francisco,37.7282649,-122.4794164
318,534,Stonestown,2013,2310281.205,2.88,neighborhood,All Homes,39094,47815.0,San Francisco,37.7282649,-122.4794164
319,535,Stonestown,2014,1693961.09,-26.68,neighborhood,All Homes,44954,47815.0,San Francisco,37.7282649,-122.4794164
320,536,Stonestown,2015,1446393.825,-14.61,neighborhood,All Homes,55618,47815.0,San Francisco,37.7282649,-122.4794164
321,537,Stonestown,2016,1553429.621,7.4,neighborhood,All Homes,59743,47815.0,San Francisco,37.7282649,-122.4794164
322,542,Sunnyside,2011,204617.599,3.79,neighborhood,All Homes,32209,40822.71428571428,San Francisco,37.7299104,-122.44428880000001
323,543,Sunnyside,2012,216828.8838,5.97,neighborhood,All Homes,32308,40822.71428571428,San Francisco,37.7299104,-122.44428880000001
324,544,Sunnyside,2013,219875.8203,1.41,neighborhood,All Homes,35156,40822.71428571428,San Francisco,37.7299104,-122.44428880000001
325,545,Sunnyside,2014,232861.3044,5.91,neighborhood,All Homes,39570,40822.71428571428,San Francisco,37.7299104,-122.44428880000001
326,546,Sunnyside,2015,254771.7558,9.41,neighborhood,All Homes,46798,40822.71428571428,San Francisco,37.7299104,-122.44428880000001
327,547,Sunnyside,2016,271672.8542,6.63,neighborhood,All Homes,50422,40822.71428571428,San Francisco,37.7299104,-122.44428880000001
328,552,Telegraph Hill,2011,442675.5015,2.93,neighborhood,All Homes,39437,49877.0,San Francisco,37.8013407,-122.40566740000001
329,553,Telegraph Hill,2012,464993.8504,5.04,neighborhood,All Homes,42125,49877.0,San Francisco,37.8013407,-122.40566740000001
330,554,Telegraph Hill,2013,482132.0196,3.69,neighborhood,All Homes,46954,49877.0,San Francisco,37.8013407,-122.40566740000001
331,555,Telegraph Hill,2014,504693.2805,4.68,neighborhood,All Homes,49743,49877.0,San Francisco,37.8013407,-122.40566740000001
332,556,Telegraph Hill,2015,530908.2741,5.19,neighborhood,All Homes,58743,49877.0,San Francisco,37.8013407,-122.40566740000001
333,557,Telegraph Hill,2016,561042.4234,5.68,neighborhood,All Homes,57462,49877.0,San Francisco,37.8013407,-122.40566740000001
334,562,Twin Peaks,2011,354104.12899999996,3.92,neighborhood,All Homes,39640,48878.428571428565,San Francisco,37.7525098,-122.4475683
335,563,Twin Peaks,2012,373747.27957499993,5.55,neighborhood,All Homes,39891,48878.428571428565,San Francisco,37.7525098,-122.4475683
336,564,Twin Peaks,2013,393820.550175,5.37,neighborhood,All Homes,41426,48878.428571428565,San Francisco,37.7525098,-122.4475683
337,565,Twin Peaks,2014,411122.54605,4.39,neighborhood,All Homes,45785,48878.428571428565,San Francisco,37.7525098,-122.4475683
338,566,Twin Peaks,2015,438598.024375,6.68,neighborhood,All Homes,54840,48878.428571428565,San Francisco,37.7525098,-122.4475683
339,567,Twin Peaks,2016,459596.457975,4.79,neighborhood,All Homes,62134,48878.428571428565,San Francisco,37.7525098,-122.4475683
340,572,Upper Market,2011,420726.3053,3.41,neighborhood,All Homes,37292,47476.428571428565,San Francisco,37.75432350000001,-122.443555
341,573,Upper Market,2012,452776.81145,7.62,neighborhood,All Homes,40576,47476.428571428565,San Francisco,37.75432350000001,-122.443555
342,574,Upper Market,2013,463994.77775,2.48,neighborhood,All Homes,42612,47476.428571428565,San Francisco,37.75432350000001,-122.443555
343,575,Upper Market,2014,470323.0603,1.36,neighborhood,All Homes,48107,47476.428571428565,San Francisco,37.75432350000001,-122.443555
344,576,Upper Market,2015,502571.4277,6.86,neighborhood,All Homes,55634,47476.428571428565,San Francisco,37.75432350000001,-122.443555
345,577,Upper Market,2016,535998.97135,6.65,neighborhood,All Homes,55207,47476.428571428565,San Francisco,37.75432350000001,-122.443555
346,582,Visitacion Valley,2011,145537.0093,3.91,neighborhood,All Homes,29865,36276.42857142857,San Francisco,37.717175399999995,-122.40425139999999
347,583,Visitacion Valley,2012,148580.2391,2.09,neighborhood,All Homes,28593,36276.42857142857,San Francisco,37.717175399999995,-122.40425139999999
348,584,Visitacion Valley,2013,155854.1348,4.9,neighborhood,All Homes,31176,36276.42857142857,San Francisco,37.717175399999995,-122.40425139999999
349,585,Visitacion Valley,2014,165360.8658,6.1,neighborhood,All Homes,34997,36276.42857142857,San Francisco,37.717175399999995,-122.40425139999999
350,586,Visitacion Valley,2015,175324.8459,6.03,neighborhood,All Homes,41458,36276.42857142857,San Francisco,37.717175399999995,-122.40425139999999
351,587,Visitacion Valley,2016,187287.2068,6.82,neighborhood,All Homes,44562,36276.42857142857,San Francisco,37.717175399999995,-122.40425139999999
352,592,Western Addition,2011,377315.85193333344,2.43,neighborhood,All Homes,34341,46305.142857142855,San Francisco,37.7822112,-122.4341781
353,593,Western Addition,2012,390879.8351,3.59,neighborhood,All Homes,37841,46305.142857142855,San Francisco,37.7822112,-122.4341781
354,594,Western Addition,2013,397116.48656666675,1.6,neighborhood,All Homes,43551,46305.142857142855,San Francisco,37.7822112,-122.4341781
355,595,Western Addition,2014,416479.75526666665,4.88,neighborhood,All Homes,47975,46305.142857142855,San Francisco,37.7822112,-122.4341781
356,596,Western Addition,2015,438925.6827666666,5.39,neighborhood,All Homes,54058,46305.142857142855,San Francisco,37.7822112,-122.4341781
357,597,Western Addition,2016,469037.6842,6.86,neighborhood,All Homes,54934,46305.142857142855,San Francisco,37.7822112,-122.4341781
358,602,Westwood Highlands,2011,310130.9982,5.04,neighborhood,All Homes,38955,47062.0,San Francisco,37.7332501,-122.4566316
359,603,Westwood Highlands,2012,320309.2847,3.28,neighborhood,All Homes,38086,47062.0,San Francisco,37.7332501,-122.4566316
360,604,Westwood Highlands,2013,329153.0037,2.76,neighborhood,All Homes,37890,47062.0,San Francisco,37.7332501,-122.4566316
361,605,Westwood Highlands,2014,344339.6292,4.61,neighborhood,All Homes,45668,47062.0,San Francisco,37.7332501,-122.4566316
362,606,Westwood Highlands,2015,369263.393,7.24,neighborhood,All Homes,56137,47062.0,San Francisco,37.7332501,-122.4566316
363,607,Westwood Highlands,2016,386926.3173,4.78,neighborhood,All Homes,58110,47062.0,San Francisco,37.7332501,-122.4566316
364,612,Westwood Park,2011,232168.2817,2.98,neighborhood,All Homes,33709,43307.28571428572,San Francisco,37.7261005,-122.4566316
365,613,Westwood Park,2012,248945.3255,7.23,neighborhood,All Homes,34381,43307.28571428572,San Francisco,37.7261005,-122.4566316
366,614,Westwood Park,2013,254389.3036,2.19,neighborhood,All Homes,35900,43307.28571428572,San Francisco,37.7261005,-122.4566316
367,615,Westwood Park,2014,272476.9565,7.11,neighborhood,All Homes,43402,43307.28571428572,San Francisco,37.7261005,-122.4566316
368,616,Westwood Park,2015,287522.1783,5.52,neighborhood,All Homes,50441,43307.28571428572,San Francisco,37.7261005,-122.4566316
369,617,Westwood Park,2016,315942.4961,9.88,neighborhood,All Homes,53177,43307.28571428572,San Francisco,37.7261005,-122.4566316
